nquest,anmutuo31,anmutuo32,anmutuo33,anmutuo34,debgar31_1,debgar32_1,debgar33_1,debgar34_1,debgar31_2,debgar32_2,debgar33_2,debgar34_2,debgar31_3,debgar32_3,debgar33_3,debgar34_3,debm31,debm32,debm33,debm34,debpers31,debpers32,debpers33,debpers34,debrf31,debrf32,debrf33,debrf34,debgar31_4,debgar32_4,debgar33_4,debgar34_4,mutuodu31,mutuodu32,mutuodu33,mutuodu34,mutuoin31,mutuoin32,mutuoin33,mutuoin34,taeg11,taeg12,taeg13,taeg14,tdebita31,tdebita32,tdebita33,tdebita34,tipotax31,tipotax32,tipotax33,tipotax34,tmutuoab31,tmutuoab32,tmutuoab33,tmutuoab34,debgar31_5,debgar32_5,debgar33_5,debgar34_5
2886,2014,,,,0,,,,0,,,,0,,,,1,,,,1,,,,2,,,,1,,,,1,,,,7500,,,,,,,,5700,,,,3,,,,2600,,,,0,,,
24194,2013,2014,,,0,0,,,0,0,,,0,0,,,1,1,,,1,1,,,1,2,,,1,1,,,4,3,,,17000,15000,,,3.5,5.87,,,8500,12000,,,1,1,,,4300,5000,,,0,0,,
27730,2013,,,,0,,,,0,,,,0,,,,1,,,,1,,,,2,,,,1,,,,3,,,,7000,,,,7,,,,3400,,,,1,,,,2400,,,,0,,,
27742,2011,,,,1,,,,0,,,,0,,,,1,,,,,,,,1,,,,0,,,,7,,,,16000,,,,6.8,,,,7600,,,,1,,,,2400,,,,0,,,
29742,2014,2014,2014,,0,0,0,,0,0,0,,0,0,0,,1,2,2,,1,1,1,,1,2,1,,1,1,1,,3,1,1,,23000,690,1200,,6,,,,18600,450,1000,,1,3,3,,4400,240,200,,0,0,0,
29823,2010,,,,0,,,,0,,,,0,,,,4,,,,1,,,,2,,,,1,,,,4,,,,5000,,,,8,,,,3000,,,,1,,,,1000,,,,0,,,
31625,2014,,,,1,,,,0,,,,0,,,,4,,,,,,,,2,,,,0,,,,1,,,,4000,,,,4,,,,3600,,,,1,,,,400,,,,0,,,
31860,2014,,,,0,,,,0,,,,0,,,,2,,,,1,,,,1,,,,1,,,,1,,,,800,,,,0,,,,680,,,,1,,,,240,,,,0,,,
32703,2012,,,,0,,,,0,,,,0,,,,1,,,,1,,,,2,,,,1,,,,5,,,,9500,,,,3.5,,,,4000,,,,1,,,,2400,,,,0,,,
33773,2006,,,,0,,,,0,,,,0,,,,1,,,,,,,,1,,,,0,,,,10,,,,30000,,,,6.5,,,,8000,,,,1,,,,5800,,,,1,,,
35005,2014,2012,,,0,0,,,0,0,,,0,0,,,1,4,,,,2,,,1,2,,,0,1,,,2,5,,,10000,10000,,,6,5,,,8000,6000,,,1,1,,,2200,2400,,,1,0,,
35234,2014,,,,0,,,,0,,,,0,,,,1,,,,1,,,,2,,,,1,,,,3,,,,7000,,,,,,,,6500,,,,3,,,,800,,,,0,,,
35502,2013,,,,0,,,,0,,,,0,,,,3,,,,,,,,2,,,,0,,,,3,,,,5000,,,,5,,,,3360,,,,1,,,,1680,,,,1,,,
37459,2014,,,,0,,,,0,,,,0,,,,1,,,,1,,,,2,,,,1,,,,6,,,,13000,,,,5,,,,11400,,,,1,,,,1500,,,,0,,,
37677,2013,,,,0,,,,0,,,,0,,,,1,,,,2,,,,2,,,,1,,,,3,,,,20000,,,,5.5,,,,9500,,,,1,,,,6600,,,,0,,,
38554,2013,,,,0,,,,0,,,,0,,,,4,,,,1,,,,2,,,,1,,,,20,,,,20000,,,,6.75,,,,16000,,,,1,,,,3024,,,,0,,,
38877,2014,,,,0,,,,0,,,,0,,,,2,,,,1,,,,2,,,,1,,,,1,,,,900,,,,,,,,576,,,,3,,,,324,,,,0,,,
38885,2014,,,,0,,,,0,,,,0,,,,4,,,,1,,,,2,,,,1,,,,2,,,,200,,,,,,,,110,,,,3,,,,90,,,,0,,,
50060,2014,,,,1,,,,0,,,,0,,,,2,,,,,,,,1,,,,0,,,,1,,,,1000,,,,8,,,,63,,,,1,,,,63,,,,0,,,
50085,2014,,,,0,,,,0,,,,0,,,,4,,,,2,,,,2,,,,1,,,,3,,,,5000,,,,3.5,,,,4000,,,,1,,,,100,,,,0,,,
51544,2004,,,,0,,,,1,,,,0,,,,1,,,,,,,,2,,,,0,,,,15,,,,80000,,,,3,,,,40000,,,,2,,,,6000,,,,0,,,
55636,2014,2013,,,0,0,,,0,0,,,0,0,,,2,2,,,1,1,,,2,2,,,1,1,,,2,2,,,1200,1800,,,0,,,,500,800,,,1,3,,,600,1000,,,0,0,,
56582,2013,,,,0,,,,0,,,,0,,,,2,,,,1,,,,2,,,,1,,,,1,,,,1000,,,,,,,,200,,,,3,,,,800,,,,0,,,
57670,2008,,,,0,,,,0,,,,0,,,,1,,,,2,,,,2,,,,1,,,,7,,,,13000,,,,6,,,,1100,,,,1,,,,1800,,,,0,,,
58053,2014,2014,,,1,0,,,0,0,,,0,0,,,1,2,,,,1,,,2,2,,,0,1,,,4,2,,,10000,4000,,,7,1,,,8000,3300,,,1,1,,,2412,670,,,0,0,,
91071,2014,,,,0,,,,0,,,,0,,,,2,,,,1,,,,2,,,,1,,,,1,,,,500,,,,,,,,90,,,,3,,,,409,,,,0,,,
91074,2013,,,,0,,,,0,,,,0,,,,3,,,,1,,,,2,,,,1,,,,6,,,,8500,,,,6.5,,,,6500,,,,1,,,,2000,,,,0,,,
256015,2011,,,,1,,,,0,,,,0,,,,1,,,,,,,,1,,,,0,,,,7,,,,15000,,,,9,,,,7000,,,,1,,,,2760,,,,0,,,
387029,2013,,,,0,,,,0,,,,0,,,,1,,,,1,,,,2,,,,1,,,,5,,,,20000,,,,0.55,,,,13500,,,,1,,,,6500,,,,0,,,
500388,2010,,,,0,,,,0,,,,0,,,,2,,,,1,,,,2,,,,1,,,,5,,,,10000,,,,10.1,,,,1000,,,,2,,,,1900,,,,0,,,
503950,2011,,,,0,,,,0,,,,0,,,,4,,,,1,,,,2,,,,1,,,,3,,,,3000,,,,15.18,,,,750,,,,1,,,,109,,,,0,,,
504091,2011,,,,0,,,,0,,,,0,,,,2,,,,1,,,,2,,,,1,,,,3,,,,2000,,,,,,,,2000,,,,3,,,,2000,,,,0,,,
504363,2010,,,,0,,,,0,,,,0,,,,1,,,,1,,,,2,,,,1,,,,5,,,,10000,,,,7,,,,2000,,,,2,,,,2600,,,,0,,,
505424,2014,,,,0,,,,0,,,,0,,,,2,,,,1,,,,2,,,,1,,,,1,,,,2500,,,,,,,,2500,,,,3,,,,250,,,,0,,,
505606,2013,,,,1,,,,0,,,,0,,,,2,,,,,,,,2,,,,0,,,,3,,,,2100,,,,3,,,,1400,,,,1,,,,800,,,,0,,,
505768,2010,,,,0,,,,0,,,,0,,,,1,,,,1,,,,1,,,,1,,,,3,,,,12000,,,,,,,,1200,,,,3,,,,3000,,,,0,,,
505820,2011,,,,1,,,,0,,,,0,,,,1,,,,,,,,2,,,,0,,,,4,,,,10000,,,,5,,,,1750,,,,1,,,,2500,,,,0,,,
506107,2014,,,,0,,,,0,,,,0,,,,1,,,,1,,,,2,,,,1,,,,3,,,,4500,,,,3,,,,3000,,,,1,,,,1500,,,,0,,,
506152,2014,,,,0,,,,0,,,,0,,,,1,,,,1,,,,2,,,,1,,,,3,,,,15000,,,,2,,,,12000,,,,1,,,,3000,,,,0,,,
506413,2014,,,,1,,,,0,,,,0,,,,1,,,,,,,,2,,,,0,,,,10,,,,20000,,,,2,,,,16000,,,,1,,,,4800,,,,0,,,
506458,2011,,,,0,,,,0,,,,0,,,,1,,,,1,,,,2,,,,1,,,,10,,,,18000,,,,6,,,,12000,,,,1,,,,2400,,,,0,,,
507037,2014,2014,,,0,0,,,0,0,,,0,0,,,1,1,,,1,1,,,2,2,,,1,1,,,3,3,,,7200,7200,,,,,,,5000,5000,,,3,3,,,2000,2000,,,0,0,,
507081,2012,2013,,,0,0,,,0,0,,,0,0,,,1,1,,,1,1,,,1,2,,,1,1,,,3,5,,,6000,15000,,,8,12,,,800,10000,,,2,1,,,2500,4000,,,0,0,,
507185,2011,2013,,,0,0,,,0,0,,,0,0,,,1,1,,,1,1,,,2,2,,,1,1,,,5,5,,,10000,10000,,,7.06,5,,,3800,10000,,,1,1,,,2200,2800,,,0,0,,
507419,2011,,,,1,,,,0,,,,0,,,,4,,,,,,,,2,,,,0,,,,10,,,,28000,,,,2.7,,,,22000,,,,2,,,,3240,,,,0,,,
507542,2010,,,,0,,,,0,,,,0,,,,1,,,,1,,,,2,,,,1,,,,5,,,,12000,,,,7.5,,,,2000,,,,1,,,,2000,,,,0,,,
508861,2014,,,,0,,,,0,,,,0,,,,1,,,,1,,,,2,,,,1,,,,2,,,,3000,,,,5,,,,2300,,,,1,,,,700,,,,0,,,
509071,2008,,,,0,,,,0,,,,0,,,,4,,,,2,,,,2,,,,1,,,,10,,,,42000,,,,,,,,17600,,,,3,,,,4200,,,,0,,,
509074,2009,,,,0,,,,0,,,,0,,,,4,,,,1,,,,1,,,,1,,,,10,,,,25000,,,,4,,,,15000,,,,1,,,,4600,,,,0,,,
510433,2013,2014,,,0,0,,,0,0,,,0,0,,,1,2,,,1,1,,,2,2,,,1,1,,,3,1,,,12000,3000,,,7.5,7.5,,,4000,1800,,,1,1,,,3600,1200,,,0,0,,
511147,2012,,,,0,,,,0,,,,0,,,,1,,,,1,,,,2,,,,1,,,,4,,,,6500,,,,4.5,,,,2400,,,,1,,,,1800,,,,0,,,
511757,2013,2012,,,0,0,,,0,0,,,0,0,,,1,4,,,1,2,,,2,2,,,1,1,,,5,10,,,12000,15000,,,7,6,,,9000,13000,,,1,1,,,3000,2200,,,0,0,,
512517,2013,,,,0,,,,0,,,,0,,,,2,,,,1,,,,2,,,,1,,,,2,,,,420,,,,13,,,,160,,,,1,,,,300,,,,0,,,
512784,2011,,,,0,,,,0,,,,0,,,,1,,,,1,,,,2,,,,1,,,,6,,,,10000,,,,,,,,6000,,,,3,,,,2500,,,,0,,,
512845,2005,,,,0,,,,0,,,,0,,,,4,,,,2,,,,1,,,,1,,,,10,,,,15000,,,,0,,,,3000,,,,1,,,,1800,,,,0,,,
512849,2014,,,,0,,,,0,,,,0,,,,2,,,,1,,,,2,,,,1,,,,2,,,,1500,,,,0,,,,800,,,,1,,,,800,,,,0,,,
513449,2013,,,,0,,,,0,,,,0,,,,1,,,,1,,,,2,,,,1,,,,5,,,,10000,,,,6.8,,,,6300,,,,1,,,,2150,,,,0,,,
611614,2012,,,,0,,,,0,,,,0,,,,1,,,,1,,,,1,,,,1,,,,5,,,,12000,,,,5,,,,8000,,,,1,,,,3000,,,,0,,,
614660,2014,,,,0,,,,0,,,,0,,,,4,,,,,,,,2,,,,0,,,,5,,,,30000,,,,9,,,,26000,,,,1,,,,5800,,,,1,,,
615399,2014,,,,0,,,,0,,,,0,,,,1,,,,1,,,,2,,,,1,,,,5,,,,10000,,,,4.1,,,,9100,,,,1,,,,1100,,,,0,,,
620481,2012,,,,0,,,,0,,,,0,,,,1,,,,1,,,,2,,,,1,,,,5,,,,12000,,,,,,,,6000,,,,3,,,,3000,,,,0,,,
622915,2012,,,,0,,,,0,,,,0,,,,1,,,,1,,,,2,,,,1,,,,4,,,,5000,,,,5.2,,,,1500,,,,1,,,,2400,,,,0,,,
633654,2009,,,,0,,,,0,,,,0,,,,4,,,,1,,,,2,,,,1,,,,8,,,,20000,,,,7.45,,,,10000,,,,1,,,,3200,,,,0,,,
635112,2014,,,,0,,,,0,,,,0,,,,1,,,,1,,,,2,,,,1,,,,5,,,,12000,,,,3.2,,,,11500,,,,1,,,,500,,,,0,,,
635346,2014,,,,1,,,,0,,,,0,,,,1,,,,,,,,2,,,,0,,,,3,,,,10000,,,,5.6,,,,6000,,,,1,,,,3000,,,,0,,,
636407,2007,,,,0,,,,0,,,,1,,,,4,,,,,,,,2,,,,0,,,,10,,,,10000,,,,6,,,,2800,,,,1,,,,1700,,,,0,,,
637701,2014,,,,0,,,,0,,,,0,,,,1,,,,1,,,,2,,,,1,,,,4,,,,8000,,,,7,,,,6000,,,,1,,,,2000,,,,0,,,
639013,2012,2011,,,0,0,,,0,0,,,0,0,,,4,5,,,1,1,,,1,1,,,1,1,,,5,5,,,20000,15000,,,8,9,,,12350,3750,,,1,1,,,4224,3180,,,0,0,,
641628,2014,,,,0,,,,0,,,,0,,,,2,,,,1,,,,2,,,,1,,,,1,,,,700,,,,,,,,70,,,,3,,,,630,,,,0,,,
648889,2012,,,,1,,,,0,,,,0,,,,1,,,,,,,,2,,,,0,,,,4,,,,9600,,,,,,,,3600,,,,3,,,,2400,,,,0,,,
670853,2014,2014,,,0,0,,,0,0,,,0,0,,,4,4,,,1,1,,,2,2,,,1,1,,,3,3,,,5000,7000,,,20,15,,,4500,6500,,,1,1,,,1000,2000,,,0,0,,
671136,2005,,,,0,,,,0,,,,0,,,,4,,,,,,,,1,,,,0,,,,10,,,,5000,,,,8,,,,2000,,,,2,,,,600,,,,1,,,
671480,2010,,,,0,,,,0,,,,0,,,,1,,,,1,,,,2,,,,1,,,,5,,,,6000,,,,5,,,,280,,,,1,,,,1716,,,,0,,,
671893,2010,,,,0,,,,0,,,,0,,,,4,,,,,,,,2,,,,0,,,,4,,,,12000,,,,6.5,,,,650,,,,1,,,,3000,,,,1,,,
672580,2010,,,,1,,,,0,,,,0,,,,1,,,,,,,,2,,,,0,,,,5,,,,22800,,,,0,,,,1024,,,,1,,,,4560,,,,0,,,
673378,2012,,,,0,,,,0,,,,0,,,,1,,,,1,,,,2,,,,1,,,,4,,,,10000,,,,7,,,,3000,,,,1,,,,3300,,,,0,,,
673452,2014,,,,0,,,,0,,,,0,,,,1,,,,1,,,,2,,,,1,,,,4,,,,30000,,,,,,,,24000,,,,3,,,,5500,,,,0,,,
673858,2004,,,,0,,,,0,,,,0,,,,2,,,,1,,,,2,,,,1,,,,15,,,,65000,,,,6,,,,36000,,,,1,,,,7200,,,,0,,,
674019,2012,2013,2013,2009,1,0,1,0,0,0,0,0,0,0,0,0,1,2,1,4,,1,,2,2,2,2,2,0,1,0,1,7,4,6,10,22000,600,20000,25000,0,0,0,6,16000,300,13000,14000,1,1,1,1,3864,156,3432,3400,0,0,0,0
674239,2013,,,,1,,,,0,,,,0,,,,1,,,,,,,,2,,,,0,,,,6,,,,20500,,,,6.9,,,,12000,,,,1,,,,4080,,,,0,,,
674264,2014,,,,1,,,,0,,,,0,,,,1,,,,,,,,2,,,,0,,,,4,,,,15000,,,,3.7,,,,11000,,,,2,,,,4100,,,,0,,,
674320,2014,,,,0,,,,0,,,,0,,,,1,,,,1,,,,1,,,,1,,,,2,,,,15000,,,,0.03,,,,10000,,,,1,,,,350,,,,0,,,
674361,2014,,,,0,,,,0,,,,0,,,,1,,,,1,,,,2,,,,1,,,,2,,,,6800,,,,,,,,6600,,,,3,,,,200,,,,0,,,
674968,2010,,,,0,,,,0,,,,0,,,,1,,,,2,,,,2,,,,1,,,,5,,,,11000,,,,7,,,,2000,,,,1,,,,3000,,,,0,,,
675334,2013,2007,,,0,0,,,0,0,,,0,0,,,2,4,,,1,2,,,2,1,,,1,1,,,10,10,,,7000,27000,,,7,6.5,,,6500,5000,,,1,1,,,1200,3600,,,0,0,,
675953,2014,,,,0,,,,0,,,,0,,,,2,,,,1,,,,2,,,,1,,,,6,,,,2000,,,,3,,,,1700,,,,1,,,,480,,,,0,,,
676000,2013,,,,0,,,,0,,,,0,,,,4,,,,2,,,,2,,,,1,,,,5,,,,20000,,,,3,,,,999,,,,1,,,,999,,,,0,,,
676521,2005,,,,0,,,,0,,,,0,,,,2,,,,2,,,,1,,,,1,,,,10,,,,20000,,,,8.4,,,,5000,,,,1,,,,3372,,,,0,,,
676851,2014,,,,0,,,,0,,,,0,,,,4,,,,1,,,,1,,,,1,,,,10,,,,30000,,,,8.5,,,,28300,,,,1,,,,4650,,,,0,,,
677489,2009,,,,0,,,,0,,,,0,,,,4,,,,2,,,,2,,,,1,,,,10,,,,20000,,,,5,,,,6500,,,,1,,,,3600,,,,0,,,
678304,2014,,,,0,,,,0,,,,0,,,,4,,,,2,,,,1,,,,1,,,,8,,,,23500,,,,5.5,,,,21000,,,,1,,,,2640,,,,0,,,
680244,2014,,,,0,,,,0,,,,0,,,,1,,,,1,,,,1,,,,1,,,,5,,,,15000,,,,,,,,13000,,,,3,,,,2000,,,,0,,,
680285,2010,,,,0,,,,0,,,,0,,,,2,,,,1,,,,1,,,,1,,,,7,,,,6000,,,,0.08,,,,2400,,,,1,,,,1400,,,,0,,,
680407,2013,,,,0,,,,0,,,,0,,,,2,,,,1,,,,2,,,,1,,,,2,,,,5000,,,,6,,,,1280,,,,1,,,,2880,,,,0,,,
680870,2014,,,,0,,,,0,,,,0,,,,1,,,,1,,,,2,,,,1,,,,5,,,,20000,,,,6.9,,,,18000,,,,2,,,,1625,,,,0,,,
680914,2013,,,,0,,,,0,,,,0,,,,1,,,,1,,,,2,,,,1,,,,5,,,,17000,,,,,,,,13000,,,,3,,,,5200,,,,0,,,
681349,2014,,,,0,,,,0,,,,0,,,,4,,,,,,,,1,,,,0,,,,4,,,,6000,,,,6,,,,5000,,,,1,,,,1200,,,,1,,,
681394,2012,2008,,,1,1,,,0,0,,,0,0,,,1,1,,,,,,,2,2,,,0,0,,,10,7,,,16000,11000,,,5,7,,,14000,3000,,,1,1,,,2100,1800,,,0,0,,
681477,2014,,,,0,,,,0,,,,0,,,,2,,,,1,,,,1,,,,1,,,,1,,,,1000,,,,,,,,800,,,,3,,,,200,,,,0,,,
681520,2013,,,,0,,,,0,,,,0,,,,1,,,,,,,,2,,,,0,,,,6,,,,20000,,,,5,,,,17000,,,,1,,,,300,,,,1,,,
682457,2014,,,,0,,,,0,,,,0,,,,2,,,,1,,,,2,,,,1,,,,1,,,,300,,,,,,,,200,,,,3,,,,100,,,,0,,,
682737,2013,,,,0,,,,0,,,,0,,,,2,,,,1,,,,2,,,,1,,,,2,,,,2400,,,,,,,,700,,,,3,,,,1500,,,,0,,,
682791,2014,,,,0,,,,0,,,,0,,,,1,,,,1,,,,1,,,,1,,,,5,,,,14000,,,,,,,,14000,,,,3,,,,290,,,,0,,,
682884,2013,,,,1,,,,0,,,,0,,,,1,,,,,,,,1,,,,0,,,,4,,,,20000,,,,1,,,,8000,,,,1,,,,5280,,,,0,,,
682900,2014,,,,0,,,,0,,,,0,,,,1,,,,1,,,,2,,,,1,,,,2,,,,5000,,,,7.5,,,,2500,,,,1,,,,2000,,,,0,,,
683033,2009,,,,0,,,,0,,,,0,,,,1,,,,1,,,,2,,,,1,,,,10,,,,20000,,,,9,,,,10000,,,,1,,,,2000,,,,0,,,
683164,2014,,,,0,,,,0,,,,0,,,,1,,,,1,,,,2,,,,1,,,,5,,,,21000,,,,5,,,,19800,,,,1,,,,1200,,,,0,,,
683349,2009,,,,1,,,,0,,,,0,,,,1,,,,,,,,2,,,,0,,,,10,,,,19000,,,,3.5,,,,11000,,,,2,,,,3000,,,,0,,,
683377,2011,,,,1,,,,0,,,,0,,,,1,,,,,,,,2,,,,0,,,,5,,,,13000,,,,6,,,,3000,,,,1,,,,3000,,,,0,,,
683472,2010,2013,2013,,0,0,0,,0,0,0,,0,0,0,,1,2,1,,1,1,1,,1,1,2,,1,1,1,,6,1,4,,8000,970,9000,,7,3,8,,3800,100,4500,,1,1,1,,1850,480,2200,,0,0,0,
684328,2008,,,,0,,,,0,,,,0,,,,1,,,,1,,,,2,,,,1,,,,10,,,,10000,,,,2.5,,,,3000,,,,1,,,,1200,,,,0,,,
684684,2011,,,,0,,,,0,,,,0,,,,2,,,,1,,,,2,,,,1,,,,3,,,,2700,,,,6,,,,68,,,,1,,,,900,,,,0,,,
684992,2011,,,,1,,,,0,,,,0,,,,1,,,,,,,,1,,,,0,,,,5,,,,15000,,,,,,,,6000,,,,3,,,,3000,,,,0,,,
685124,2014,,,,0,,,,0,,,,0,,,,4,,,,,,,,2,,,,0,,,,2,,,,13000,,,,11,,,,12528,,,,1,,,,2496,,,,1,,,
685149,2013,,,,0,,,,0,,,,0,,,,1,,,,1,,,,2,,,,1,,,,3,,,,4000,,,,6,,,,2800,,,,1,,,,1800,,,,0,,,
685164,2013,2014,2014,,0,0,0,,0,0,0,,0,0,0,,1,1,4,,1,1,1,,2,2,2,,1,1,1,,4,4,4,,20000,20000,20000,,3,3,3,,12000,15000,15000,,1,1,1,,6000,6000,6000,,0,0,0,
685487,2013,,,,0,,,,0,,,,0,,,,1,,,,1,,,,2,,,,1,,,,4,,,,10000,,,,4,,,,6000,,,,1,,,,3000,,,,0,,,
685591,2011,,,,0,,,,0,,,,0,,,,2,,,,1,,,,2,,,,1,,,,5,,,,2600,,,,7.3,,,,1100,,,,1,,,,700,,,,0,,,
685793,2013,,,,0,,,,0,,,,0,,,,2,,,,1,,,,2,,,,1,,,,3,,,,1200,,,,7.5,,,,800,,,,1,,,,450,,,,0,,,
686185,2000,,,,0,,,,0,,,,0,,,,1,,,,1,,,,2,,,,1,,,,5,,,,18000,,,,4,,,,7200,,,,1,,,,3600,,,,0,,,
686634,2014,,,,1,,,,0,,,,0,,,,2,,,,,,,,2,,,,0,,,,1,,,,1000,,,,,,,,345,,,,3,,,,700,,,,0,,,
687070,2012,,,,1,,,,0,,,,0,,,,1,,,,,,,,2,,,,0,,,,5,,,,17000,,,,15,,,,7000,,,,1,,,,4000,,,,0,,,
687304,2008,,,,0,,,,0,,,,0,,,,4,,,,1,,,,2,,,,1,,,,8,,,,20000,,,,6,,,,5000,,,,1,,,,3000,,,,0,,,
687321,2013,,,,0,,,,0,,,,0,,,,1,,,,1,,,,1,,,,1,,,,4,,,,10000,,,,7,,,,5100,,,,1,,,,2600,,,,0,,,
687462,2013,,,,0,,,,0,,,,0,,,,1,,,,1,,,,2,,,,1,,,,5,,,,8700,,,,5,,,,5000,,,,1,,,,1700,,,,0,,,
687987,2008,,,,1,,,,0,,,,0,,,,1,,,,,,,,2,,,,0,,,,9,,,,13000,,,,7,,,,3900,,,,1,,,,6000,,,,0,,,
688111,2010,,,,1,,,,0,,,,0,,,,1,,,,,,,,2,,,,0,,,,5,,,,21000,,,,5,,,,5000,,,,1,,,,6000,,,,0,,,
688157,2014,,,,0,,,,0,,,,0,,,,4,,,,1,,,,2,,,,1,,,,2,,,,2400,,,,,,,,2000,,,,3,,,,400,,,,0,,,
688277,2014,,,,0,,,,0,,,,0,,,,1,,,,1,,,,2,,,,1,,,,5,,,,18000,,,,4,,,,15000,,,,1,,,,3000,,,,0,,,
688287,2013,,,,0,,,,0,,,,0,,,,2,,,,1,,,,2,,,,1,,,,2,,,,5000,,,,12,,,,2500,,,,2,,,,2500,,,,0,,,
701536,2012,,,,0,,,,0,,,,0,,,,1,,,,1,,,,2,,,,1,,,,4,,,,11500,,,,4,,,,7156,,,,1,,,,3600,,,,0,,,
704372,2012,,,,0,,,,0,,,,0,,,,1,,,,1,,,,2,,,,1,,,,2,,,,8000,,,,7,,,,300,,,,1,,,,3600,,,,0,,,
707307,2010,,,,1,,,,0,,,,0,,,,1,,,,,,,,2,,,,0,,,,7,,,,12000,,,,7,,,,8000,,,,1,,,,2000,,,,0,,,
708747,2013,2014,,,0,0,,,0,0,,,0,0,,,4,4,,,1,1,,,2,1,,,1,1,,,2,2,,,1500,2000,,,,,,,1500,1600,,,3,3,,,100,90,,,0,0,,
711312,2013,,,,0,,,,0,,,,0,,,,1,,,,1,,,,2,,,,1,,,,5,,,,10000,,,,,,,,7500,,,,3,,,,2000,,,,0,,,
711660,2014,,,,0,,,,0,,,,0,,,,1,,,,1,,,,2,,,,1,,,,3,,,,4900,,,,,,,,4000,,,,3,,,,400,,,,0,,,
712869,2010,,,,0,,,,0,,,,0,,,,1,,,,1,,,,2,,,,1,,,,5,,,,7900,,,,,,,,1020,,,,3,,,,2040,,,,0,,,
713359,2014,,,,0,,,,0,,,,0,,,,4,,,,1,,,,2,,,,1,,,,1,,,,500,,,,,,,,100,,,,3,,,,500,,,,0,,,
715865,2013,,,,0,,,,0,,,,0,,,,1,,,,1,,,,2,,,,1,,,,3,,,,7000,,,,,,,,2300,,,,3,,,,195,,,,0,,,
718674,2012,,,,1,,,,0,,,,0,,,,1,,,,,,,,2,,,,0,,,,4,,,,23000,,,,6,,,,8000,,,,1,,,,6000,,,,0,,,
719025,2011,,,,1,,,,0,,,,0,,,,1,,,,,,,,2,,,,0,,,,5,,,,13000,,,,6,,,,2600,,,,1,,,,2600,,,,0,,,
719666,2014,,,,0,,,,0,,,,0,,,,4,,,,1,,,,1,,,,1,,,,2,,,,1500,,,,5,,,,1200,,,,1,,,,500,,,,0,,,
720209,2014,,,,0,,,,0,,,,0,,,,2,,,,1,,,,2,,,,1,,,,2,,,,900,,,,0,,,,900,,,,1,,,,50,,,,0,,,
720256,2013,,,,0,,,,0,,,,0,,,,1,,,,1,,,,1,,,,1,,,,4,,,,10000,,,,6,,,,7000,,,,1,,,,3058,,,,0,,,
720416,2012,,,,0,,,,1,,,,0,,,,4,,,,,,,,1,,,,0,,,,5,,,,10000,,,,6.5,,,,6000,,,,1,,,,2200,,,,0,,,
720566,2012,,,,0,,,,0,,,,0,,,,1,,,,,,,,1,,,,0,,,,4,,,,15000,,,,8,,,,3200,,,,1,,,,3000,,,,1,,,
721871,2010,,,,0,,,,0,,,,0,,,,1,,,,1,,,,2,,,,1,,,,5,,,,12000,,,,7.5,,,,800,,,,1,,,,2400,,,,0,,,
722608,2010,,,,1,,,,0,,,,0,,,,1,,,,,,,,2,,,,0,,,,6,,,,15000,,,,6,,,,4500,,,,1,,,,3250,,,,0,,,
724708,2010,,,,0,,,,0,,,,0,,,,4,,,,2,,,,2,,,,1,,,,10,,,,5000,,,,4,,,,3000,,,,2,,,,1200,,,,0,,,
724899,2014,,,,0,,,,0,,,,0,,,,1,,,,1,,,,1,,,,1,,,,12,,,,10000,,,,,,,,1000,,,,3,,,,5000,,,,0,,,
727001,2012,,,,0,,,,0,,,,0,,,,1,,,,1,,,,2,,,,1,,,,7,,,,10000,,,,5,,,,6000,,,,1,,,,2000,,,,0,,,
727138,2010,,,,0,,,,0,,,,0,,,,4,,,,2,,,,2,,,,1,,,,5,,,,5000,,,,,,,,500,,,,3,,,,1200,,,,0,,,
728547,2013,,,,0,,,,0,,,,0,,,,1,,,,1,,,,2,,,,1,,,,4,,,,15000,,,,5,,,,11000,,,,1,,,,4000,,,,0,,,
731810,2014,,,,0,,,,0,,,,0,,,,1,,,,1,,,,2,,,,1,,,,5,,,,12000,,,,6,,,,11600,,,,1,,,,400,,,,0,,,
731827,2014,,,,0,,,,0,,,,0,,,,2,,,,1,,,,2,,,,1,,,,2,,,,1400,,,,4,,,,700,,,,1,,,,700,,,,0,,,
732343,2014,,,,0,,,,0,,,,0,,,,1,,,,1,,,,2,,,,1,,,,7,,,,12500,,,,6,,,,11300,,,,1,,,,750,,,,0,,,
732369,2011,2013,,,0,0,,,0,0,,,0,0,,,1,1,,,1,1,,,2,2,,,1,1,,,10,4,,,17000,4000,,,4,4,,,8000,2200,,,1,1,,,3000,1380,,,0,0,,
734107,2010,,,,1,,,,0,,,,0,,,,1,,,,,,,,2,,,,0,,,,10,,,,10000,,,,0,,,,5200,,,,1,,,,100,,,,0,,,
735143,2013,2011,,,1,1,,,0,0,,,0,0,,,1,1,,,,,,,2,1,,,0,0,,,4,5,,,10000,10000,,,7,6,,,8000,2500,,,1,1,,,290,211,,,0,0,,
736010,2014,,,,0,,,,0,,,,0,,,,2,,,,1,,,,2,,,,1,,,,2,,,,800,,,,0,,,,400,,,,1,,,,350,,,,0,,,
800040,2014,,,,1,,,,0,,,,0,,,,1,,,,,,,,2,,,,0,,,,3,,,,10000,,,,7,,,,6880,,,,1,,,,3220,,,,0,,,
801221,2013,,,,0,,,,0,,,,0,,,,1,,,,1,,,,2,,,,1,,,,7,,,,14000,,,,7,,,,10000,,,,1,,,,2000,,,,0,,,
801875,2006,,,,0,,,,0,,,,0,,,,1,,,,1,,,,2,,,,1,,,,4,,,,12600,,,,5,,,,1800,,,,1,,,,1800,,,,0,,,
801966,2012,,,,0,,,,0,,,,0,,,,4,,,,,,,,2,,,,0,,,,5,,,,15000,,,,5.5,,,,5000,,,,1,,,,3350,,,,1,,,
801972,2008,2011,,,0,0,,,0,0,,,0,0,,,1,4,,,2,2,,,2,2,,,1,1,,,7,4,,,7000,5000,,,5.5,5.5,,,700,1000,,,1,1,,,2100,3200,,,0,0,,
802001,2014,,,,0,,,,0,,,,0,,,,1,,,,2,,,,2,,,,1,,,,4,,,,6000,,,,6,,,,5600,,,,1,,,,1900,,,,0,,,
803205,2014,,,,0,,,,0,,,,0,,,,1,,,,1,,,,2,,,,1,,,,3,,,,18000,,,,,,,,15500,,,,3,,,,2500,,,,0,,,
803661,2009,,,,0,,,,0,,,,0,,,,1,,,,1,,,,2,,,,1,,,,6,,,,19000,,,,8,,,,4300,,,,1,,,,4300,,,,0,,,
805227,2011,,,,1,,,,0,,,,0,,,,1,,,,,,,,1,,,,0,,,,5,,,,32000,,,,8.3,,,,5000,,,,1,,,,4800,,,,0,,,
805330,2014,,,,0,,,,0,,,,0,,,,2,,,,1,,,,2,,,,1,,,,2,,,,1000,,,,,,,,810,,,,3,,,,90,,,,0,,,
807146,2012,,,,0,,,,0,,,,0,,,,1,,,,1,,,,1,,,,1,,,,5,,,,11000,,,,2,,,,5000,,,,2,,,,3300,,,,0,,,
808182,2010,,,,0,,,,0,,,,0,,,,1,,,,2,,,,1,,,,1,,,,10,,,,10000,,,,8,,,,7000,,,,1,,,,1800,,,,0,,,
808712,2014,,,,0,,,,0,,,,0,,,,1,,,,1,,,,1,,,,1,,,,2,,,,9072,,,,8.4,,,,6800,,,,1,,,,2268,,,,0,,,
809835,2010,,,,0,,,,0,,,,0,,,,1,,,,1,,,,2,,,,1,,,,5,,,,5500,,,,3,,,,500,,,,1,,,,2400,,,,0,,,
812450,2010,,,,0,,,,0,,,,0,,,,1,,,,1,,,,2,,,,1,,,,5,,,,14000,,,,7,,,,1100,,,,1,,,,2900,,,,0,,,
813355,2010,,,,0,,,,0,,,,0,,,,1,,,,1,,,,2,,,,1,,,,6,,,,22000,,,,5,,,,7500,,,,1,,,,4800,,,,0,,,
813829,2014,,,,1,,,,0,,,,0,,,,1,,,,,,,,2,,,,0,,,,3,,,,5000,,,,0.7,,,,5000,,,,1,,,,1200,,,,0,,,
816847,2014,2012,,,1,1,,,0,0,,,0,0,,,1,1,,,,,,,2,2,,,0,0,,,5,5,,,8000,11000,,,3,3.5,,,5500,6840,,,1,1,,,2400,2280,,,0,0,,
820171,2011,,,,0,,,,0,,,,0,,,,1,,,,1,,,,2,,,,1,,,,6,,,,12000,,,,,,,,5000,,,,3,,,,2500,,,,0,,,
821020,2013,,,,1,,,,0,,,,0,,,,1,,,,,,,,2,,,,0,,,,3,,,,15000,,,,6.48,,,,12000,,,,2,,,,6000,,,,0,,,
821841,2010,,,,0,,,,0,,,,0,,,,1,,,,2,,,,2,,,,1,,,,10,,,,18000,,,,6,,,,8400,,,,1,,,,2400,,,,0,,,
823524,2014,2014,2014,,0,0,0,,0,0,0,,0,0,0,,4,4,4,,1,1,1,,2,2,2,,1,1,1,,8,7,6,,24500,15000,13000,,10,13,10,,22000,11580,12000,,1,2,1,,4212,3420,1200,,0,0,0,
823993,2014,,,,0,,,,0,,,,0,,,,2,,,,1,,,,1,,,,1,,,,1,,,,420,,,,,,,,385,,,,3,,,,135,,,,0,,,
824808,2012,,,,0,,,,0,,,,0,,,,1,,,,1,,,,2,,,,1,,,,3,,,,6500,,,,6,,,,500,,,,1,,,,1980,,,,0,,,
827188,2011,,,,0,,,,0,,,,0,,,,1,,,,1,,,,1,,,,1,,,,4,,,,10000,,,,,,,,1600,,,,3,,,,2500,,,,0,,,
827870,2009,,,,0,,,,0,,,,0,,,,1,,,,1,,,,2,,,,1,,,,5,,,,4200,,,,5.5,,,,200,,,,1,,,,1100,,,,0,,,
850013,2014,,,,0,,,,0,,,,0,,,,1,,,,1,,,,2,,,,1,,,,4,,,,12000,,,,6,,,,10000,,,,1,,,,2100,,,,0,,,
851172,2014,,,,0,,,,0,,,,0,,,,1,,,,1,,,,1,,,,1,,,,3,,,,12600,,,,7.6,,,,9800,,,,1,,,,2800,,,,0,,,
851703,2014,,,,0,,,,0,,,,0,,,,1,,,,1,,,,2,,,,1,,,,6,,,,10000,,,,2.5,,,,9000,,,,1,,,,2000,,,,0,,,
852134,2007,,,,0,,,,0,,,,0,,,,2,,,,1,,,,2,,,,1,,,,5,,,,18000,,,,12,,,,15000,,,,1,,,,600,,,,0,,,
852156,2010,,,,0,,,,0,,,,0,,,,1,,,,1,,,,2,,,,1,,,,5,,,,10000,,,,6,,,,560,,,,1,,,,1700,,,,0,,,
852173,2014,,,,0,,,,0,,,,0,,,,2,,,,1,,,,2,,,,1,,,,1,,,,950,,,,,,,,850,,,,3,,,,100,,,,0,,,
852377,2013,,,,0,,,,0,,,,0,,,,2,,,,2,,,,2,,,,1,,,,3,,,,3000,,,,5,,,,1900,,,,1,,,,1920,,,,0,,,
853175,2014,,,,0,,,,0,,,,0,,,,2,,,,,,,,2,,,,0,,,,1,,,,1000,,,,,,,,500,,,,3,,,,500,,,,1,,,
853569,2013,,,,0,,,,0,,,,0,,,,4,,,,1,,,,2,,,,1,,,,2,,,,3000,,,,4,,,,700,,,,1,,,,136,,,,0,,,
853765,2013,,,,1,,,,0,,,,0,,,,1,,,,,,,,2,,,,0,,,,4,,,,8500,,,,,,,,6000,,,,3,,,,3000,,,,0,,,
854197,2005,,,,0,,,,0,,,,0,,,,4,,,,2,,,,1,,,,1,,,,20,,,,10000,,,,8,,,,5000,,,,1,,,,2400,,,,0,,,
854202,2002,,,,0,,,,0,,,,0,,,,4,,,,1,,,,2,,,,1,,,,3,,,,3500,,,,11,,,,2200,,,,1,,,,1200,,,,0,,,
854393,2014,,,,0,,,,0,,,,0,,,,2,,,,1,,,,2,,,,1,,,,6,,,,340,,,,,,,,56,,,,3,,,,324,,,,0,,,
854862,2013,,,,0,,,,0,,,,0,,,,1,,,,,,,,2,,,,0,,,,2,,,,13000,,,,8,,,,5000,,,,1,,,,3000,,,,1,,,
855259,2012,,,,1,,,,0,,,,0,,,,1,,,,,,,,2,,,,0,,,,3,,,,22500,,,,2,,,,11000,,,,1,,,,4500,,,,0,,,
855376,2014,,,,0,,,,0,,,,0,,,,1,,,,1,,,,2,,,,1,,,,5,,,,10000,,,,,,,,9000,,,,3,,,,800,,,,0,,,
855396,2013,,,,0,,,,0,,,,0,,,,1,,,,1,,,,1,,,,1,,,,4,,,,7000,,,,7.5,,,,5600,,,,1,,,,1800,,,,0,,,
855846,2012,,,,0,,,,0,,,,0,,,,4,,,,2,,,,1,,,,1,,,,3,,,,7200,,,,9.29,,,,1200,,,,1,,,,2400,,,,0,,,
856236,2010,2013,,,0,0,,,0,0,,,0,0,,,1,1,,,1,1,,,2,2,,,1,1,,,7,3,,,30000,3000,,,2,,,,18000,1500,,,2,3,,,4200,1200,,,0,0,,
856297,2014,,,,0,,,,0,,,,0,,,,2,,,,1,,,,2,,,,1,,,,2,,,,3000,,,,0,,,,2500,,,,1,,,,750,,,,0,,,
856688,2014,2013,,,0,0,,,0,0,,,0,0,,,1,5,,,1,1,,,2,2,,,1,1,,,5,2,,,13300,3000,,,,6.2,,,10700,1500,,,3,1,,,2664,1500,,,0,0,,
856708,2011,2014,,,0,0,,,0,0,,,0,0,,,1,1,,,1,1,,,2,2,,,1,1,,,4,2,,,15000,6000,,,7,7,,,2000,4000,,,2,2,,,3000,2000,,,0,0,,
857273,2014,,,,0,,,,0,,,,0,,,,2,,,,1,,,,2,,,,1,,,,1,,,,500,,,,,,,,500,,,,3,,,,50,,,,0,,,
859459,2010,,,,0,,,,0,,,,0,,,,1,,,,1,,,,2,,,,1,,,,5,,,,30000,,,,6.5,,,,5000,,,,1,,,,5400,,,,0,,,
859740,2014,,,,1,,,,0,,,,0,,,,1,,,,,,,,2,,,,0,,,,3,,,,8000,,,,7,,,,6000,,,,1,,,,250,,,,0,,,
859946,2012,,,,0,,,,0,,,,0,,,,4,,,,2,,,,2,,,,1,,,,5,,,,8000,,,,6,,,,4000,,,,2,,,,2000,,,,0,,,
860704,2014,,,,1,,,,0,,,,0,,,,1,,,,,,,,1,,,,0,,,,5,,,,12500,,,,0,,,,11000,,,,1,,,,2500,,,,0,,,
860820,2014,,,,0,,,,0,,,,0,,,,2,,,,1,,,,2,,,,1,,,,1,,,,700,,,,,,,,550,,,,3,,,,70,,,,0,,,
861850,2014,,,,0,,,,0,,,,0,,,,4,,,,1,,,,2,,,,1,,,,8,,,,10000,,,,0,,,,9000,,,,1,,,,1600,,,,0,,,
861949,2012,,,,0,,,,0,,,,0,,,,1,,,,1,,,,2,,,,1,,,,4,,,,12000,,,,2,,,,6200,,,,1,,,,3000,,,,0,,,
862314,2010,2010,,,0,0,,,0,0,,,0,1,,,2,4,,,2,,,,2,2,,,1,0,,,6,10,,,21000,70000,,,7,4.5,,,4000,36000,,,1,1,,,3600,7200,,,0,0,,
862752,2013,2014,,,0,0,,,0,0,,,0,0,,,4,4,,,1,1,,,1,2,,,1,1,,,3,3,,,3000,3500,,,8,8,,,1500,2500,,,1,1,,,1200,830,,,0,0,,
863087,2005,,,,0,,,,1,,,,0,,,,4,,,,,,,,2,,,,0,,,,15,,,,25000,,,,4,,,,10000,,,,2,,,,1980,,,,0,,,
863684,2013,,,,0,,,,0,,,,0,,,,1,,,,1,,,,1,,,,1,,,,3,,,,15000,,,,8,,,,5000,,,,1,,,,5000,,,,0,,,
863863,2014,,,,0,,,,0,,,,0,,,,1,,,,1,,,,2,,,,1,,,,3,,,,7000,,,,,,,,7000,,,,3,,,,200,,,,0,,,
864482,2014,2014,,,0,0,,,0,0,,,0,0,,,4,5,,,1,1,,,2,2,,,1,1,,,4,4,,,5000,4000,,,6,6,,,1000,4000,,,1,1,,,100,100,,,0,0,,
866324,2013,,,,0,,,,0,,,,0,,,,1,,,,1,,,,2,,,,1,,,,4,,,,5000,,,,8.5,,,,4000,,,,1,,,,1752,,,,0,,,
866354,2013,,,,0,,,,0,,,,0,,,,2,,,,1,,,,2,,,,1,,,,5,,,,5000,,,,8,,,,3750,,,,1,,,,1080,,,,0,,,
866566,2012,,,,0,,,,0,,,,0,,,,1,,,,1,,,,2,,,,1,,,,3,,,,13000,,,,,,,,6000,,,,3,,,,3000,,,,0,,,
867462,2013,,,,0,,,,0,,,,0,,,,1,,,,1,,,,2,,,,1,,,,5,,,,10000,,,,,,,,6000,,,,3,,,,2500,,,,0,,,
867653,2010,,,,0,,,,0,,,,0,,,,4,,,,1,,,,2,,,,1,,,,5,,,,18000,,,,7.5,,,,10000,,,,1,,,,8500,,,,0,,,
867914,2010,,,,0,,,,0,,,,0,,,,4,,,,,,,,2,,,,0,,,,11,,,,20000,,,,,,,,15000,,,,3,,,,5760,,,,1,,,
867929,2011,,,,1,,,,0,,,,0,,,,1,,,,,,,,1,,,,0,,,,4,,,,20000,,,,7,,,,11000,,,,1,,,,5200,,,,0,,,
868474,2009,,,,0,,,,0,,,,0,,,,1,,,,1,,,,2,,,,1,,,,7,,,,32000,,,,16.5,,,,7000,,,,1,,,,25000,,,,0,,,
868478,2014,,,,1,,,,0,,,,0,,,,2,,,,,,,,2,,,,0,,,,1,,,,1200,,,,,,,,700,,,,3,,,,500,,,,0,,,
868805,2014,,,,0,,,,0,,,,0,,,,4,,,,1,,,,2,,,,1,,,,12,,,,1200,,,,,,,,1200,,,,3,,,,100,,,,0,,,
869021,2010,,,,0,,,,0,,,,0,,,,2,,,,1,,,,2,,,,1,,,,5,,,,3000,,,,,,,,50,,,,3,,,,50,,,,0,,,
871030,2007,,,,0,,,,0,,,,0,,,,2,,,,1,,,,2,,,,1,,,,10,,,,11000,,,,12,,,,7000,,,,1,,,,100,,,,0,,,
871191,2014,,,,1,,,,0,,,,0,,,,1,,,,,,,,2,,,,0,,,,4,,,,20000,,,,0.5,,,,19600,,,,1,,,,400,,,,0,,,
871231,2012,,,,0,,,,0,,,,0,,,,4,,,,1,,,,2,,,,1,,,,3,,,,3000,,,,15,,,,700,,,,1,,,,86,,,,0,,,
871408,2014,,,,0,,,,0,,,,0,,,,2,,,,1,,,,2,,,,1,,,,2,,,,680,,,,,,,,330,,,,3,,,,330,,,,0,,,
871461,2012,,,,1,,,,0,,,,0,,,,1,,,,,,,,1,,,,0,,,,3,,,,6000,,,,5.5,,,,1500,,,,1,,,,2000,,,,0,,,
872012,2014,,,,0,,,,0,,,,0,,,,2,,,,1,,,,2,,,,1,,,,1,,,,750,,,,,,,,750,,,,3,,,,75,,,,0,,,
872432,2010,2013,,,1,0,,,0,0,,,0,0,,,1,2,,,,,,,1,2,,,0,0,,,5,2,,,15000,4000,,,2.25,1.75,,,3000,600,,,1,1,,,3000,2400,,,0,1,,
872434,2012,,,,1,,,,0,,,,0,,,,1,,,,,,,,2,,,,0,,,,3,,,,20000,,,,,,,,8500,,,,3,,,,6600,,,,0,,,
872556,2012,,,,0,,,,0,,,,0,,,,1,,,,1,,,,2,,,,1,,,,4,,,,7800,,,,7,,,,2100,,,,1,,,,2150,,,,0,,,
872583,2013,,,,0,,,,0,,,,0,,,,1,,,,1,,,,1,,,,1,,,,3,,,,7000,,,,10.58,,,,5000,,,,1,,,,2760,,,,0,,,
872651,2014,,,,0,,,,0,,,,0,,,,2,,,,1,,,,2,,,,1,,,,2,,,,1200,,,,,,,,600,,,,3,,,,360,,,,0,,,
872747,2012,,,,0,,,,0,,,,0,,,,1,,,,1,,,,2,,,,1,,,,3,,,,10000,,,,9,,,,2700,,,,1,,,,4000,,,,0,,,
872781,2014,,,,1,,,,0,,,,0,,,,1,,,,,,,,2,,,,0,,,,5,,,,10000,,,,6,,,,7000,,,,1,,,,3000,,,,0,,,
873593,2014,,,,0,,,,0,,,,0,,,,1,,,,1,,,,2,,,,1,,,,2,,,,8500,,,,,,,,6700,,,,3,,,,1800,,,,0,,,
874032,2007,,,,1,,,,0,,,,0,,,,1,,,,,,,,2,,,,0,,,,5,,,,30000,,,,8,,,,18000,,,,1,,,,2000,,,,0,,,
874241,2009,,,,0,,,,0,,,,0,,,,1,,,,1,,,,2,,,,1,,,,10,,,,25000,,,,7,,,,10000,,,,1,,,,2800,,,,0,,,
874325,2014,,,,1,,,,0,,,,0,,,,1,,,,,,,,2,,,,0,,,,7,,,,23000,,,,3,,,,21000,,,,1,,,,3500,,,,0,,,
874488,2010,,,,0,,,,0,,,,0,,,,1,,,,1,,,,2,,,,1,,,,5,,,,20000,,,,9,,,,1700,,,,1,,,,4000,,,,0,,,
874515,2011,,,,0,,,,0,,,,0,,,,1,,,,1,,,,2,,,,1,,,,4,,,,9500,,,,7,,,,2000,,,,1,,,,3100,,,,0,,,
874517,2014,,,,0,,,,0,,,,0,,,,1,,,,1,,,,1,,,,1,,,,5,,,,18000,,,,,,,,15000,,,,3,,,,3000,,,,0,,,
874681,2011,,,,0,,,,0,,,,0,,,,1,,,,1,,,,2,,,,1,,,,3,,,,7000,,,,6.6,,,,100,,,,2,,,,3200,,,,0,,,
874756,2000,,,,0,,,,0,,,,0,,,,1,,,,1,,,,2,,,,1,,,,1,,,,2000,,,,7,,,,500,,,,1,,,,1900,,,,0,,,
874761,2012,,,,0,,,,0,,,,0,,,,1,,,,1,,,,2,,,,1,,,,4,,,,13000,,,,3.5,,,,6500,,,,1,,,,3600,,,,0,,,
875072,2014,,,,0,,,,0,,,,0,,,,1,,,,1,,,,2,,,,1,,,,5,,,,9000,,,,6.85,,,,9000,,,,1,,,,310,,,,0,,,
875126,2013,,,,0,,,,0,,,,0,,,,1,,,,1,,,,2,,,,1,,,,2,,,,20000,,,,8,,,,17400,,,,1,,,,2600,,,,0,,,
875139,2013,2014,,,0,0,,,0,0,,,0,0,,,1,2,,,1,1,,,1,2,,,1,1,,,10,1,,,20000,2100,,,,,,,15000,1000,,,3,3,,,3600,1100,,,0,0,,
875141,2010,2011,2013,,0,0,0,,0,0,0,,0,0,0,,4,4,4,,1,1,1,,2,2,2,,1,1,1,,10,10,10,,15000,8000,6000,,5.5,5.5,5.5,,7500,4500,4000,,1,1,1,,3468,2364,2040,,0,0,0,
875144,2014,,,,0,,,,0,,,,0,,,,2,,,,,,,,2,,,,0,,,,1,,,,1000,,,,,,,,500,,,,3,,,,500,,,,1,,,
875211,2010,,,,0,,,,0,,,,0,,,,1,,,,2,,,,2,,,,1,,,,5,,,,8000,,,,,,,,2800,,,,3,,,,2200,,,,0,,,
875221,2011,,,,0,,,,0,,,,0,,,,1,,,,1,,,,1,,,,1,,,,7,,,,9000,,,,0.04,,,,2000,,,,1,,,,4000,,,,0,,,
875668,2014,,,,0,,,,0,,,,0,,,,1,,,,1,,,,2,,,,1,,,,5,,,,11000,,,,,,,,9000,,,,3,,,,240,,,,0,,,
876077,2013,,,,0,,,,0,,,,0,,,,1,,,,1,,,,2,,,,1,,,,3,,,,12000,,,,7,,,,9000,,,,1,,,,4500,,,,0,,,
876086,2011,,,,0,,,,0,,,,0,,,,1,,,,1,,,,2,,,,1,,,,5,,,,18000,,,,6,,,,8000,,,,1,,,,4700,,,,0,,,
876097,2014,,,,0,,,,0,,,,0,,,,1,,,,1,,,,2,,,,1,,,,4,,,,6000,,,,4,,,,6000,,,,2,,,,177,,,,0,,,
876202,2014,,,,1,,,,0,,,,0,,,,1,,,,,,,,2,,,,0,,,,2,,,,6000,,,,3.5,,,,4250,,,,1,,,,1300,,,,0,,,
876632,2013,,,,1,,,,0,,,,0,,,,1,,,,,,,,2,,,,0,,,,4,,,,15000,,,,,,,,7500,,,,3,,,,3800,,,,0,,,
877138,2014,,,,0,,,,0,,,,0,,,,2,,,,1,,,,2,,,,1,,,,1,,,,400,,,,,,,,200,,,,3,,,,200,,,,0,,,
877173,2012,2014,,,0,0,,,0,0,,,0,0,,,1,4,,,1,1,,,2,2,,,1,1,,,3,1,,,4068,600,,,6.4,,,,339,100,,,1,3,,,1356,600,,,0,0,,
877241,2014,,,,0,,,,0,,,,0,,,,4,,,,1,,,,2,,,,1,,,,10,,,,19000,,,,5.71,,,,18500,,,,2,,,,1224,,,,0,,,
877473,2014,,,,1,,,,0,,,,0,,,,1,,,,,,,,2,,,,0,,,,5,,,,12000,,,,3.5,,,,11000,,,,1,,,,1000,,,,0,,,
877487,2010,,,,1,,,,0,,,,0,,,,1,,,,,,,,2,,,,0,,,,6,,,,11000,,,,,,,,2100,,,,3,,,,2100,,,,0,,,
877619,2014,,,,1,,,,0,,,,0,,,,1,,,,,,,,2,,,,0,,,,5,,,,15000,,,,4,,,,13200,,,,1,,,,1800,,,,0,,,
877645,2012,2011,2012,,1,1,1,,0,0,0,,0,0,0,,1,2,1,,,,,,2,2,2,,0,0,0,,5,5,4,,12000,6000,4000,,6,6,6,,7000,1650,2300,,1,1,1,,2700,1900,1200,,0,0,0,
877798,2012,,,,0,,,,0,,,,0,,,,2,,,,1,,,,2,,,,1,,,,3,,,,20000,,,,,,,,7000,,,,3,,,,580,,,,0,,,
877948,2014,,,,0,,,,0,,,,0,,,,1,,,,1,,,,2,,,,1,,,,4,,,,4300,,,,7.01,,,,4000,,,,1,,,,300,,,,0,,,
878032,2013,,,,1,,,,0,,,,0,,,,1,,,,,,,,2,,,,0,,,,5,,,,20000,,,,2.35,,,,14000,,,,1,,,,6000,,,,0,,,
878065,2014,,,,0,,,,0,,,,0,,,,2,,,,1,,,,2,,,,1,,,,2,,,,1300,,,,,,,,1300,,,,3,,,,50,,,,0,,,
878103,2013,,,,0,,,,0,,,,0,,,,4,,,,1,,,,1,,,,1,,,,4,,,,8000,,,,16,,,,7200,,,,1,,,,3600,,,,0,,,
878156,2012,2012,,,1,1,,,0,0,,,0,0,,,2,2,,,,,,,2,2,,,0,0,,,3,3,,,700,700,,,,,,,100,100,,,3,3,,,360,360,,,0,0,,
878475,2010,2010,2012,,0,0,0,,0,0,0,,0,0,0,,1,4,4,,1,1,1,,1,1,1,,1,1,1,,4,5,4,,16000,5000,4000,,8.5,8.9,8.5,,900,2500,2000,,1,1,1,,3800,1584,1300,,0,0,0,
878513,2011,,,,0,,,,0,,,,0,,,,1,,,,1,,,,1,,,,1,,,,5,,,,15000,,,,,,,,3200,,,,3,,,,3200,,,,0,,,
878777,2014,,,,0,,,,0,,,,0,,,,2,,,,1,,,,2,,,,1,,,,3,,,,2000,,,,6,,,,1600,,,,1,,,,400,,,,0,,,
878811,2014,,,,1,,,,0,,,,0,,,,1,,,,,,,,2,,,,0,,,,5,,,,17000,,,,7.5,,,,14000,,,,1,,,,4480,,,,0,,,
878831,2009,2013,,,0,0,,,0,0,,,0,0,,,1,2,,,1,1,,,2,2,,,1,1,,,5,1,,,10000,2000,,,7,,,,100,700,,,1,3,,,600,1300,,,0,0,,
878833,2010,,,,0,,,,0,,,,0,,,,1,,,,1,,,,2,,,,1,,,,5,,,,7000,,,,3,,,,2200,,,,2,,,,2200,,,,0,,,
878966,2014,,,,0,,,,0,,,,0,,,,4,,,,2,,,,1,,,,1,,,,5,,,,7000,,,,16.33,,,,6680,,,,1,,,,320,,,,0,,,
879257,2013,2014,,,0,0,,,0,0,,,0,0,,,1,2,,,1,1,,,2,2,,,1,1,,,3,1,,,12000,1200,,,3.5,,,,4800,600,,,1,3,,,4500,360,,,0,0,,
879275,2014,2014,,,0,0,,,0,0,,,0,0,,,2,2,,,1,1,,,2,2,,,1,1,,,2,2,,,1800,1800,,,,,,,900,900,,,3,3,,,900,900,,,0,0,,
879319,2010,2014,,,0,0,,,0,0,,,0,0,,,4,4,,,2,1,,,1,2,,,1,1,,,10,4,,,15000,4700,,,5,7,,,12000,4500,,,1,1,,,3000,200,,,0,0,,
879449,2008,,,,0,,,,0,,,,0,,,,1,,,,1,,,,2,,,,1,,,,6,,,,9000,,,,5,,,,700,,,,1,,,,2600,,,,0,,,
879452,2011,,,,0,,,,0,,,,0,,,,1,,,,1,,,,2,,,,1,,,,5,,,,10000,,,,4.5,,,,5000,,,,1,,,,3600,,,,0,,,
879470,2012,,,,0,,,,0,,,,0,,,,1,,,,1,,,,2,,,,1,,,,2,,,,5000,,,,7,,,,250,,,,1,,,,2500,,,,0,,,
879484,2012,,,,1,,,,0,,,,0,,,,1,,,,,,,,2,,,,0,,,,3,,,,8000,,,,8,,,,2000,,,,1,,,,3000,,,,0,,,
879565,2013,,,,0,,,,0,,,,0,,,,4,,,,1,,,,2,,,,1,,,,5,,,,12000,,,,6,,,,4800,,,,1,,,,2400,,,,0,,,
879591,2011,,,,0,,,,0,,,,0,,,,4,,,,1,,,,2,,,,1,,,,5,,,,7500,,,,7,,,,2300,,,,1,,,,1500,,,,0,,,
879638,2010,,,,0,,,,0,,,,0,,,,2,,,,1,,,,2,,,,1,,,,5,,,,18000,,,,6.2,,,,2832,,,,1,,,,3496,,,,0,,,
879676,2013,,,,1,,,,0,,,,0,,,,1,,,,,,,,2,,,,0,,,,4,,,,8000,,,,,,,,5000,,,,3,,,,3600,,,,0,,,
879943,2014,2014,,,0,0,,,0,0,,,0,0,,,1,2,,,1,1,,,2,2,,,1,1,,,6,2,,,14500,1700,,,7.87,,,,13500,1400,,,1,3,,,1500,300,,,0,0,,
879946,2010,,,,0,,,,0,,,,0,,,,1,,,,1,,,,1,,,,1,,,,6,,,,15000,,,,,,,,7000,,,,3,,,,2650,,,,0,,,
879958,2013,,,,1,,,,0,,,,0,,,,1,,,,,,,,2,,,,0,,,,5,,,,15000,,,,,,,,9000,,,,3,,,,4000,,,,0,,,
880003,2013,,,,0,,,,0,,,,0,,,,2,,,,1,,,,2,,,,1,,,,3,,,,3000,,,,,,,,1000,,,,3,,,,1440,,,,0,,,
880042,2014,2014,,,0,0,,,0,0,,,0,0,,,1,1,,,1,1,,,2,2,,,1,1,,,5,5,,,16000,17000,,,2.2,2.5,,,13000,16500,,,1,1,,,3600,600,,,0,0,,
880072,2013,,,,1,,,,0,,,,0,,,,1,,,,,,,,2,,,,0,,,,4,,,,40000,,,,4,,,,20000,,,,1,,,,10000,,,,0,,,
880103,2010,,,,0,,,,0,,,,0,,,,4,,,,1,,,,1,,,,1,,,,5,,,,19000,,,,4,,,,10000,,,,1,,,,6000,,,,0,,,
880223,2012,,,,0,,,,0,,,,0,,,,2,,,,1,,,,2,,,,1,,,,3,,,,4000,,,,,,,,1200,,,,3,,,,1200,,,,0,,,
880302,2014,,,,0,,,,0,,,,0,,,,1,,,,1,,,,2,,,,1,,,,4,,,,5000,,,,5,,,,4000,,,,1,,,,900,,,,0,,,
880383,2014,,,,0,,,,0,,,,0,,,,2,,,,1,,,,2,,,,1,,,,12,,,,1850,,,,9,,,,1200,,,,1,,,,200,,,,0,,,
880581,2010,,,,1,,,,0,,,,0,,,,1,,,,,,,,2,,,,0,,,,5,,,,5000,,,,5,,,,1000,,,,1,,,,1300,,,,0,,,
880813,2010,,,,0,,,,0,,,,0,,,,4,,,,1,,,,1,,,,1,,,,5,,,,20000,,,,5,,,,2500,,,,1,,,,5500,,,,0,,,
880893,2013,,,,1,,,,0,,,,0,,,,1,,,,,,,,2,,,,0,,,,2,,,,2500,,,,9.27,,,,700,,,,1,,,,1200,,,,0,,,
880912,2014,,,,0,,,,0,,,,0,,,,3,,,,,,,,2,,,,0,,,,1,,,,600,,,,,,,,420,,,,3,,,,180,,,,1,,,
881263,2004,,,,0,,,,0,,,,0,,,,1,,,,1,,,,1,,,,1,,,,10,,,,21000,,,,4,,,,6000,,,,1,,,,3000,,,,0,,,
881302,2013,2014,,,0,0,,,0,0,,,0,0,,,1,1,,,1,1,,,2,2,,,1,1,,,3,3,,,6000,5500,,,5,8,,,1000,4500,,,2,2,,,2650,900,,,0,0,,
881330,2011,2012,2013,,0,0,0,,0,0,0,,0,0,0,,4,4,4,,1,1,1,,2,1,2,,1,1,1,,5,5,5,,10000,7000,5000,,6,7,13,,4000,4300,3600,,1,1,1,,3600,2040,1200,,0,0,0,
881448,2013,,,,0,,,,0,,,,0,,,,1,,,,1,,,,2,,,,1,,,,4,,,,5000,,,,9.48,,,,2700,,,,1,,,,1640,,,,0,,,
881456,2011,,,,0,,,,0,,,,0,,,,1,,,,1,,,,2,,,,1,,,,7,,,,21000,,,,6,,,,8000,,,,1,,,,4400,,,,0,,,
881550,2014,,,,0,,,,0,,,,0,,,,1,,,,1,,,,2,,,,1,,,,5,,,,10000,,,,7.5,,,,9000,,,,1,,,,220,,,,0,,,
881809,2013,2012,,,0,0,,,0,0,,,0,0,,,1,1,,,2,2,,,1,2,,,1,1,,,4,4,,,6000,9000,,,11,4,,,4000,3400,,,1,1,,,258,205,,,0,0,,
881871,2014,,,,1,,,,0,,,,0,,,,1,,,,,,,,2,,,,0,,,,3,,,,8000,,,,11,,,,7700,,,,1,,,,2700,,,,0,,,
882635,2014,,,,0,,,,0,,,,0,,,,4,,,,1,,,,2,,,,1,,,,8,,,,15000,,,,6,,,,14500,,,,1,,,,2500,,,,0,,,
882825,2014,,,,0,,,,0,,,,0,,,,1,,,,1,,,,2,,,,1,,,,5,,,,15000,,,,,,,,12500,,,,3,,,,2500,,,,0,,,
882930,2013,,,,0,,,,0,,,,0,,,,1,,,,1,,,,2,,,,1,,,,4,,,,12000,,,,2.34,,,,8000,,,,1,,,,2700,,,,0,,,
883052,2010,,,,0,,,,0,,,,0,,,,1,,,,1,,,,2,,,,1,,,,5,,,,10000,,,,6,,,,2000,,,,1,,,,2800,,,,0,,,
883198,2012,,,,0,,,,0,,,,0,,,,4,,,,1,,,,2,,,,1,,,,2,,,,500,,,,,,,,250,,,,3,,,,250,,,,0,,,
883225,2014,,,,0,,,,0,,,,0,,,,2,,,,1,,,,2,,,,1,,,,2,,,,4500,,,,,,,,2700,,,,3,,,,1800,,,,0,,,
883252,2012,2014,,,0,0,,,0,0,,,0,0,,,2,4,,,1,2,,,1,1,,,1,1,,,3,10,,,7000,50000,,,8,8.5,,,3000,45632,,,1,1,,,2328,4368,,,0,0,,
883330,2013,,,,0,,,,0,,,,0,,,,1,,,,1,,,,2,,,,1,,,,5,,,,9000,,,,,,,,7000,,,,3,,,,2190,,,,0,,,
883356,2014,,,,0,,,,0,,,,0,,,,1,,,,1,,,,2,,,,1,,,,4,,,,4500,,,,6,,,,3800,,,,1,,,,700,,,,0,,,
883500,2012,,,,0,,,,0,,,,0,,,,2,,,,1,,,,2,,,,1,,,,3,,,,700,,,,7,,,,420,,,,1,,,,300,,,,0,,,
883712,2013,,,,1,,,,0,,,,0,,,,1,,,,,,,,2,,,,0,,,,5,,,,10000,,,,4,,,,8000,,,,1,,,,2000,,,,0,,,
883762,2011,2013,,,0,0,,,0,0,,,0,0,,,2,2,,,1,1,,,2,2,,,1,1,,,4,3,,,8000,3000,,,11,,,,220,1000,,,1,3,,,2640,1320,,,0,0,,
883763,2011,,,,1,,,,0,,,,0,,,,1,,,,,,,,1,,,,0,,,,7,,,,30000,,,,13,,,,15000,,,,1,,,,500,,,,0,,,
883853,2014,,,,0,,,,0,,,,0,,,,4,,,,1,,,,2,,,,1,,,,18,,,,2000,,,,6,,,,1800,,,,1,,,,240,,,,0,,,
883974,2011,,,,0,,,,0,,,,0,,,,1,,,,1,,,,2,,,,1,,,,5,,,,7000,,,,7,,,,1200,,,,2,,,,2000,,,,0,,,
884235,2014,,,,1,,,,0,,,,0,,,,1,,,,,,,,1,,,,0,,,,4,,,,5000,,,,5,,,,4500,,,,1,,,,1800,,,,0,,,
884503,2014,2013,,,0,0,,,0,0,,,0,0,,,1,2,,,1,1,,,2,2,,,1,1,,,5,2,,,10000,2000,,,4,,,,9400,130,,,2,3,,,460,1080,,,0,0,,
884575,2014,,,,0,,,,0,,,,0,,,,2,,,,1,,,,2,,,,1,,,,2,,,,1900,,,,,,,,1700,,,,3,,,,100,,,,0,,,
884685,2014,,,,1,,,,0,,,,0,,,,2,,,,,,,,2,,,,0,,,,1,,,,1200,,,,,,,,900,,,,3,,,,300,,,,0,,,
884802,2011,,,,0,,,,0,,,,0,,,,1,,,,1,,,,2,,,,1,,,,4,,,,12000,,,,4,,,,3500,,,,1,,,,4200,,,,0,,,
884968,2014,,,,0,,,,0,,,,0,,,,1,,,,1,,,,1,,,,1,,,,3,,,,5000,,,,6.53,,,,4500,,,,1,,,,600,,,,0,,,
885014,2010,,,,1,,,,0,,,,0,,,,1,,,,,,,,2,,,,0,,,,4,,,,6000,,,,5,,,,130,,,,1,,,,1560,,,,0,,,
885318,2010,,,,0,,,,0,,,,0,,,,1,,,,1,,,,2,,,,1,,,,6,,,,16000,,,,0.3,,,,3000,,,,1,,,,2440,,,,0,,,
885327,2011,,,,0,,,,0,,,,0,,,,4,,,,1,,,,2,,,,1,,,,4,,,,10000,,,,7,,,,1000,,,,1,,,,3000,,,,0,,,
885393,2012,,,,0,,,,0,,,,0,,,,1,,,,1,,,,2,,,,1,,,,6,,,,26000,,,,7,,,,24000,,,,1,,,,6216,,,,0,,,
885646,2014,,,,0,,,,0,,,,0,,,,1,,,,1,,,,2,,,,1,,,,4,,,,11000,,,,3,,,,8200,,,,1,,,,2900,,,,0,,,
885956,2009,,,,1,,,,0,,,,0,,,,1,,,,,,,,1,,,,0,,,,5,,,,12000,,,,3,,,,100,,,,1,,,,2100,,,,0,,,
886226,2011,,,,1,,,,0,,,,0,,,,1,,,,,,,,2,,,,0,,,,3,,,,300,,,,5,,,,300,,,,1,,,,3600,,,,0,,,
886529,2014,,,,0,,,,0,,,,0,,,,2,,,,1,,,,2,,,,1,,,,12,,,,1200,,,,,,,,600,,,,3,,,,800,,,,0,,,
886603,2012,,,,0,,,,0,,,,0,,,,3,,,,1,,,,2,,,,1,,,,5,,,,25000,,,,9,,,,14000,,,,1,,,,4500,,,,0,,,
886606,2011,,,,0,,,,0,,,,0,,,,1,,,,1,,,,1,,,,1,,,,5,,,,12000,,,,8,,,,3500,,,,1,,,,3200,,,,0,,,
886884,2013,,,,0,,,,0,,,,0,,,,1,,,,1,,,,2,,,,1,,,,3,,,,18000,,,,,,,,12000,,,,3,,,,6000,,,,0,,,
886923,2014,,,,1,,,,0,,,,0,,,,1,,,,,,,,2,,,,0,,,,5,,,,19000,,,,2,,,,18500,,,,1,,,,3300,,,,0,,,
887068,2012,,,,0,,,,0,,,,0,,,,1,,,,1,,,,2,,,,1,,,,4,,,,15000,,,,0,,,,4000,,,,1,,,,4000,,,,0,,,
887478,2013,,,,0,,,,0,,,,0,,,,1,,,,1,,,,2,,,,1,,,,3,,,,5000,,,,8.5,,,,3000,,,,1,,,,2040,,,,0,,,
887498,2008,,,,0,,,,0,,,,0,,,,2,,,,1,,,,2,,,,1,,,,7,,,,17000,,,,6,,,,750,,,,1,,,,3000,,,,0,,,
887734,2005,,,,0,,,,0,,,,0,,,,1,,,,1,,,,2,,,,1,,,,10,,,,20000,,,,4.5,,,,2000,,,,2,,,,3600,,,,0,,,
887762,2014,,,,0,,,,0,,,,0,,,,1,,,,1,,,,1,,,,1,,,,5,,,,12000,,,,9.3,,,,11500,,,,1,,,,2400,,,,0,,,
888377,2013,,,,0,,,,0,,,,0,,,,4,,,,1,,,,1,,,,1,,,,1,,,,2100,,,,4,,,,600,,,,1,,,,1790,,,,0,,,
888448,2010,,,,0,,,,0,,,,0,,,,1,,,,1,,,,1,,,,1,,,,7,,,,25000,,,,4.5,,,,6000,,,,2,,,,5000,,,,0,,,
888465,2013,,,,0,,,,0,,,,0,,,,1,,,,1,,,,2,,,,1,,,,3,,,,9000,,,,4.5,,,,3000,,,,1,,,,2500,,,,0,,,
888515,2013,,,,0,,,,0,,,,0,,,,1,,,,1,,,,2,,,,1,,,,5,,,,7500,,,,3.5,,,,4500,,,,1,,,,2160,,,,0,,,
888848,2014,,,,0,,,,0,,,,0,,,,1,,,,1,,,,2,,,,1,,,,4,,,,21000,,,,8,,,,21000,,,,1,,,,500,,,,0,,,
889014,2010,,,,0,,,,0,,,,0,,,,1,,,,1,,,,2,,,,1,,,,5,,,,14500,,,,,,,,3600,,,,3,,,,3500,,,,0,,,
889497,2012,,,,0,,,,0,,,,0,,,,1,,,,1,,,,2,,,,1,,,,3,,,,6000,,,,5,,,,1600,,,,1,,,,2000,,,,0,,,
889710,2012,,,,1,,,,0,,,,0,,,,1,,,,,,,,2,,,,0,,,,3,,,,9000,,,,,,,,6500,,,,3,,,,3000,,,,0,,,
889719,2010,,,,0,,,,0,,,,0,,,,1,,,,1,,,,2,,,,1,,,,4,,,,20000,,,,0,,,,100,,,,2,,,,4500,,,,0,,,
889727,2014,,,,0,,,,0,,,,0,,,,1,,,,2,,,,2,,,,1,,,,4,,,,18000,,,,,,,,15600,,,,3,,,,2400,,,,0,,,
889733,2011,,,,0,,,,0,,,,0,,,,1,,,,1,,,,2,,,,1,,,,10,,,,32000,,,,9.07,,,,30300,,,,1,,,,5424,,,,0,,,
889739,2011,,,,1,,,,0,,,,0,,,,1,,,,,,,,2,,,,0,,,,5,,,,15000,,,,,,,,3000,,,,3,,,,7000,,,,0,,,
890002,2011,2014,2014,,0,0,0,,0,0,0,,0,0,0,,1,2,2,,1,1,1,,2,2,2,,1,1,1,,5,2,2,,11000,1000,1000,,,,,,7500,800,800,,3,3,3,,2500,200,200,,0,0,0,
890016,2014,,,,1,,,,0,,,,0,,,,1,,,,,,,,1,,,,0,,,,5,,,,7500,,,,10,,,,7000,,,,1,,,,380,,,,0,,,
890112,2011,2014,,,0,0,,,0,0,,,0,0,,,2,4,,,1,1,,,1,1,,,1,1,,,5,7,,,15000,21000,,,,3,,,7200,18500,,,3,1,,,300,336,,,0,0,,
890246,2013,,,,0,,,,0,,,,0,,,,3,,,,1,,,,2,,,,1,,,,24,,,,2000,,,,11,,,,1000,,,,1,,,,1000,,,,0,,,
890427,2013,,,,1,,,,0,,,,0,,,,1,,,,,,,,1,,,,0,,,,5,,,,26000,,,,6.35,,,,18000,,,,1,,,,4000,,,,0,,,
890560,2014,,,,0,,,,0,,,,0,,,,4,,,,1,,,,2,,,,1,,,,4,,,,3000,,,,6,,,,1300,,,,1,,,,500,,,,0,,,
890660,2013,,,,0,,,,0,,,,0,,,,1,,,,1,,,,2,,,,1,,,,5,,,,12000,,,,13,,,,9000,,,,1,,,,1500,,,,0,,,
890762,2010,,,,0,,,,0,,,,0,,,,1,,,,1,,,,2,,,,1,,,,4,,,,10000,,,,6,,,,360,,,,1,,,,2100,,,,0,,,
890763,2014,,,,0,,,,0,,,,0,,,,1,,,,1,,,,2,,,,1,,,,3,,,,10000,,,,3,,,,8500,,,,1,,,,1500,,,,0,,,
890961,2014,,,,0,,,,0,,,,0,,,,2,,,,1,,,,2,,,,1,,,,3,,,,2500,,,,,,,,2000,,,,3,,,,500,,,,0,,,
890972,2014,,,,0,,,,0,,,,0,,,,1,,,,1,,,,2,,,,1,,,,4,,,,7000,,,,,,,,5800,,,,3,,,,1800,,,,0,,,
891060,2014,,,,1,,,,0,,,,0,,,,1,,,,,,,,2,,,,0,,,,5,,,,11500,,,,6,,,,10000,,,,1,,,,2200,,,,0,,,
891160,2014,,,,0,,,,0,,,,0,,,,1,,,,1,,,,2,,,,1,,,,5,,,,12000,,,,6,,,,11000,,,,1,,,,1800,,,,0,,,
891169,2011,,,,0,,,,0,,,,0,,,,1,,,,1,,,,1,,,,1,,,,4,,,,4000,,,,6,,,,700,,,,1,,,,1200,,,,0,,,
891302,2014,,,,0,,,,0,,,,0,,,,2,,,,1,,,,2,,,,1,,,,1,,,,1200,,,,,,,,700,,,,3,,,,500,,,,0,,,
891433,2011,,,,0,,,,1,,,,0,,,,4,,,,,,,,1,,,,0,,,,6,,,,7000,,,,3,,,,4000,,,,1,,,,1908,,,,0,,,
891435,2013,,,,0,,,,0,,,,0,,,,1,,,,1,,,,2,,,,1,,,,4,,,,8000,,,,4,,,,6000,,,,1,,,,2200,,,,0,,,
891613,2011,2013,,,0,0,,,0,0,,,0,0,,,4,4,,,2,2,,,2,2,,,1,1,,,6,2,,,10000,2000,,,5.5,5.5,,,5000,600,,,1,1,,,2280,1200,,,0,0,,
891678,2010,,,,0,,,,0,,,,0,,,,4,,,,2,,,,1,,,,1,,,,10,,,,20000,,,,6,,,,15000,,,,1,,,,3600,,,,0,,,
891688,2014,,,,0,,,,0,,,,0,,,,4,,,,2,,,,2,,,,1,,,,5,,,,5000,,,,8,,,,4750,,,,1,,,,690,,,,0,,,
891729,2014,,,,0,,,,0,,,,0,,,,1,,,,1,,,,2,,,,1,,,,2,,,,5000,,,,0,,,,3500,,,,1,,,,1250,,,,0,,,
891749,2014,2009,,,0,0,,,0,0,,,0,0,,,1,1,,,1,1,,,1,2,,,1,1,,,7,7,,,16000,20000,,,7.02,8.02,,,15000,5000,,,1,1,,,3000,4000,,,0,0,,
891793,2012,,,,0,,,,0,,,,0,,,,1,,,,1,,,,2,,,,1,,,,6,,,,12800,,,,7,,,,8470,,,,1,,,,2940,,,,0,,,
891801,2011,,,,0,,,,0,,,,0,,,,1,,,,1,,,,1,,,,1,,,,5,,,,8000,,,,,,,,4000,,,,3,,,,3600,,,,0,,,
891884,2009,,,,0,,,,0,,,,0,,,,1,,,,1,,,,2,,,,1,,,,6,,,,18000,,,,8.5,,,,600,,,,1,,,,3600,,,,0,,,
891930,2012,,,,1,,,,0,,,,0,,,,1,,,,,,,,2,,,,0,,,,5,,,,12000,,,,7,,,,9000,,,,1,,,,2800,,,,0,,,
892140,2014,,,,0,,,,0,,,,0,,,,4,,,,1,,,,2,,,,1,,,,10,,,,13000,,,,9,,,,11000,,,,1,,,,2000,,,,0,,,
892462,2014,,,,0,,,,0,,,,0,,,,2,,,,1,,,,2,,,,1,,,,1,,,,1000,,,,,,,,700,,,,3,,,,400,,,,0,,,
892881,2012,,,,1,,,,0,,,,0,,,,1,,,,,,,,2,,,,0,,,,4,,,,10000,,,,,,,,4500,,,,3,,,,3600,,,,0,,,
892909,2012,,,,0,,,,0,,,,0,,,,1,,,,1,,,,2,,,,1,,,,4,,,,20800,,,,,,,,7800,,,,3,,,,5200,,,,0,,,
893052,2011,,,,0,,,,0,,,,0,,,,1,,,,1,,,,1,,,,1,,,,6,,,,6000,,,,3,,,,3600,,,,1,,,,1800,,,,0,,,
893055,2014,,,,0,,,,0,,,,0,,,,1,,,,1,,,,2,,,,1,,,,5,,,,10000,,,,2,,,,7500,,,,1,,,,2500,,,,0,,,
893181,2009,,,,1,,,,0,,,,0,,,,1,,,,,,,,1,,,,0,,,,10,,,,30000,,,,7,,,,19000,,,,1,,,,4800,,,,0,,,
893189,2012,,,,1,,,,0,,,,0,,,,1,,,,,,,,2,,,,0,,,,4,,,,10000,,,,,,,,6000,,,,3,,,,2400,,,,0,,,
893197,2011,,,,1,,,,0,,,,0,,,,1,,,,,,,,2,,,,0,,,,5,,,,12000,,,,,,,,4500,,,,3,,,,4200,,,,0,,,
893200,2006,,,,0,,,,0,,,,0,,,,2,,,,2,,,,2,,,,1,,,,10,,,,15000,,,,3,,,,3200,,,,1,,,,2760,,,,0,,,
893237,2014,,,,0,,,,0,,,,0,,,,1,,,,1,,,,2,,,,1,,,,5,,,,7000,,,,3,,,,6100,,,,1,,,,150,,,,0,,,
893252,2008,,,,0,,,,0,,,,0,,,,1,,,,1,,,,1,,,,1,,,,6,,,,12000,,,,2.5,,,,200,,,,1,,,,200,,,,0,,,
893421,2013,2014,,,0,0,,,0,0,,,0,0,,,4,5,,,1,1,,,2,1,,,1,1,,,5,4,,,8000,10000,,,8.55,8,,,6639,7600,,,1,1,,,2000,4800,,,0,0,,
893444,2013,2013,,,0,0,,,0,0,,,0,0,,,2,4,,,1,2,,,2,1,,,1,1,,,2,10,,,5000,10000,,,6,7,,,700,9000,,,1,1,,,4000,1800,,,0,0,,
893466,2014,,,,1,,,,0,,,,0,,,,1,,,,,,,,2,,,,0,,,,5,,,,8500,,,,,,,,7300,,,,3,,,,148,,,,0,,,
893575,2014,,,,0,,,,0,,,,0,,,,2,,,,1,,,,1,,,,1,,,,2,,,,1500,,,,,,,,750,,,,3,,,,750,,,,0,,,
893721,2013,,,,0,,,,0,,,,0,,,,1,,,,1,,,,2,,,,1,,,,5,,,,14500,,,,4,,,,8600,,,,1,,,,2880,,,,0,,,
893729,2014,,,,0,,,,0,,,,0,,,,1,,,,1,,,,2,,,,1,,,,2,,,,8000,,,,4,,,,7200,,,,1,,,,4800,,,,0,,,
893895,2013,,,,1,,,,0,,,,0,,,,1,,,,,,,,2,,,,0,,,,5,,,,4000,,,,6.45,,,,3500,,,,1,,,,900,,,,0,,,
893897,2013,,,,1,,,,0,,,,0,,,,2,,,,,,,,2,,,,0,,,,3,,,,1600,,,,6.5,,,,600,,,,1,,,,450,,,,0,,,
894506,2014,,,,1,,,,0,,,,0,,,,1,,,,,,,,2,,,,0,,,,5,,,,7000,,,,4,,,,6300,,,,1,,,,1000,,,,0,,,
894524,2014,,,,0,,,,0,,,,0,,,,1,,,,1,,,,2,,,,1,,,,2,,,,10000,,,,,,,,8500,,,,3,,,,1500,,,,0,,,
894556,2014,,,,0,,,,0,,,,0,,,,2,,,,1,,,,2,,,,1,,,,1,,,,669,,,,,,,,400,,,,3,,,,270,,,,0,,,
894636,2014,,,,0,,,,0,,,,0,,,,1,,,,1,,,,2,,,,1,,,,5,,,,20000,,,,4,,,,20000,,,,1,,,,700,,,,0,,,
894791,2014,,,,1,,,,0,,,,0,,,,1,,,,,,,,2,,,,0,,,,2,,,,7000,,,,,,,,5000,,,,3,,,,2000,,,,0,,,
894820,2014,2014,2014,,1,1,1,,0,0,0,,0,0,0,,1,2,1,,,,,,2,2,2,,0,0,0,,6,1,2,,14000,2400,1300,,,,,,13200,400,940,,3,3,3,,800,2000,360,,0,0,0,
895028,2011,,,,1,,,,0,,,,0,,,,1,,,,,,,,2,,,,0,,,,6,,,,14000,,,,0,,,,5000,,,,1,,,,2500,,,,0,,,
895044,2002,,,,1,,,,0,,,,0,,,,5,,,,,,,,2,,,,0,,,,15,,,,20000,,,,7,,,,1000,,,,2,,,,1560,,,,0,,,
895045,2010,2013,,,1,0,,,0,0,,,0,0,,,1,5,,,,1,,,2,2,,,0,1,,,6,5,,,24000,10000,,,,8,,,6000,3000,,,3,1,,,3400,3500,,,0,0,,
895046,2010,,,,0,,,,0,,,,0,,,,2,,,,1,,,,2,,,,1,,,,10,,,,10000,,,,7,,,,5500,,,,1,,,,1200,,,,0,,,
895207,2010,,,,0,,,,0,,,,0,,,,1,,,,1,,,,2,,,,1,,,,5,,,,15000,,,,5,,,,3000,,,,1,,,,2500,,,,0,,,
895487,2014,,,,0,,,,0,,,,0,,,,4,,,,2,,,,1,,,,1,,,,10,,,,20000,,,,7.5,,,,18000,,,,1,,,,2976,,,,0,,,
895505,2013,2014,,,0,0,,,0,0,,,0,0,,,1,2,,,1,1,,,2,2,,,1,1,,,4,1,,,11500,360,,,7,,,,9360,330,,,1,3,,,3744,72,,,0,0,,
895517,2014,,,,0,,,,0,,,,0,,,,4,,,,1,,,,2,,,,1,,,,4,,,,4000,,,,6,,,,3350,,,,2,,,,650,,,,0,,,
895636,2014,,,,0,,,,0,,,,0,,,,2,,,,1,,,,1,,,,1,,,,20,,,,2000,,,,,,,,1700,,,,3,,,,300,,,,0,,,
895849,2014,,,,1,,,,0,,,,0,,,,1,,,,,,,,2,,,,0,,,,5,,,,14000,,,,,,,,10000,,,,3,,,,2000,,,,0,,,
895931,2009,2014,,,0,0,,,0,0,,,0,0,,,1,2,,,1,1,,,2,2,,,1,1,,,10,5,,,25000,3000,,,6.2,5,,,10000,2900,,,1,1,,,4600,100,,,0,0,,
896063,2014,2014,2012,,0,0,0,,0,0,0,,0,0,0,,1,1,1,,1,1,1,,2,2,2,,1,1,1,,5,5,5,,10000,15000,6000,,4,6,4,,9000,13000,2000,,1,1,1,,1800,5600,1400,,0,0,0,
896079,2013,,,,0,,,,0,,,,0,,,,1,,,,1,,,,2,,,,1,,,,3,,,,30000,,,,6,,,,12000,,,,1,,,,12400,,,,0,,,
896227,2014,,,,0,,,,0,,,,0,,,,2,,,,1,,,,2,,,,1,,,,1,,,,450,,,,9,,,,225,,,,1,,,,225,,,,0,,,
896287,2012,,,,1,,,,0,,,,0,,,,1,,,,,,,,2,,,,0,,,,3,,,,4000,,,,8.5,,,,1600,,,,1,,,,1200,,,,0,,,
896349,2014,,,,0,,,,0,,,,0,,,,4,,,,2,,,,1,,,,1,,,,4,,,,10000,,,,,,,,9000,,,,3,,,,1000,,,,0,,,
896353,2014,,,,1,,,,0,,,,0,,,,1,,,,,,,,2,,,,0,,,,3,,,,16000,,,,4,,,,14000,,,,1,,,,2000,,,,0,,,
896415,2014,,,,0,,,,0,,,,0,,,,1,,,,1,,,,2,,,,1,,,,36,,,,10000,,,,,,,,9000,,,,3,,,,200,,,,0,,,
896511,2013,,,,0,,,,0,,,,0,,,,4,,,,1,,,,2,,,,1,,,,3,,,,3500,,,,8.5,,,,1890,,,,1,,,,1203,,,,0,,,
896516,2011,,,,0,,,,0,,,,0,,,,4,,,,1,,,,2,,,,1,,,,4,,,,6000,,,,4,,,,800,,,,1,,,,1800,,,,0,,,
896576,2012,,,,0,,,,0,,,,0,,,,4,,,,,,,,2,,,,0,,,,5,,,,20000,,,,3,,,,8000,,,,1,,,,6000,,,,1,,,
896644,2011,,,,0,,,,0,,,,0,,,,4,,,,2,,,,2,,,,1,,,,10,,,,20000,,,,8,,,,14600,,,,1,,,,2400,,,,0,,,
896744,2012,,,,1,,,,0,,,,0,,,,1,,,,,,,,2,,,,0,,,,4,,,,14000,,,,2,,,,3000,,,,1,,,,3600,,,,0,,,
896745,2012,,,,1,,,,0,,,,0,,,,1,,,,,,,,2,,,,0,,,,7,,,,12000,,,,2.5,,,,7000,,,,1,,,,2770,,,,0,,,
896751,2013,,,,1,,,,0,,,,0,,,,1,,,,,,,,2,,,,0,,,,8,,,,12000,,,,6,,,,9000,,,,1,,,,2400,,,,0,,,
896764,2011,,,,1,,,,0,,,,0,,,,4,,,,,,,,2,,,,0,,,,4,,,,5000,,,,3,,,,1500,,,,1,,,,1460,,,,0,,,
896875,2014,,,,1,,,,0,,,,0,,,,1,,,,,,,,2,,,,0,,,,5,,,,12000,,,,6,,,,10500,,,,1,,,,2500,,,,0,,,
896926,2013,,,,0,,,,0,,,,0,,,,4,,,,1,,,,2,,,,1,,,,1,,,,1300,,,,9,,,,80,,,,1,,,,960,,,,0,,,
896937,2014,2010,,,0,0,,,0,0,,,0,0,,,1,4,,,1,1,,,2,2,,,1,1,,,3,10,,,6000,10000,,,5,11,,,5400,7000,,,1,1,,,900,1875,,,0,0,,
897031,2012,,,,1,,,,0,,,,0,,,,1,,,,,,,,2,,,,0,,,,2,,,,12000,,,,5.7,,,,1500,,,,1,,,,6000,,,,0,,,
897033,2011,2011,,,1,0,,,0,0,,,0,0,,,4,5,,,,1,,,2,2,,,0,1,,,3,3,,,17000,17000,,,8,9,,,4000,3000,,,1,1,,,3700,3700,,,0,0,,
897063,2013,,,,0,,,,0,,,,0,,,,1,,,,1,,,,2,,,,1,,,,5,,,,15000,,,,4,,,,11000,,,,1,,,,4200,,,,0,,,
897127,2014,,,,0,,,,0,,,,0,,,,1,,,,1,,,,2,,,,1,,,,5,,,,13500,,,,5.5,,,,12800,,,,1,,,,1000,,,,0,,,
897149,2009,,,,0,,,,0,,,,0,,,,1,,,,1,,,,2,,,,1,,,,7,,,,30000,,,,4,,,,7740,,,,2,,,,5160,,,,0,,,
897284,2010,,,,1,,,,0,,,,0,,,,1,,,,,,,,2,,,,0,,,,6,,,,12000,,,,8.9,,,,3500,,,,1,,,,1500,,,,0,,,
897472,2011,,,,0,,,,0,,,,0,,,,1,,,,1,,,,2,,,,1,,,,8,,,,22000,,,,8,,,,10000,,,,2,,,,3360,,,,0,,,
897660,2014,,,,0,,,,0,,,,0,,,,1,,,,1,,,,2,,,,1,,,,6,,,,15000,,,,6.5,,,,14400,,,,1,,,,600,,,,0,,,
897698,2014,,,,0,,,,0,,,,0,,,,1,,,,1,,,,2,,,,1,,,,4,,,,5000,,,,,,,,4400,,,,3,,,,600,,,,0,,,
897699,2013,,,,0,,,,0,,,,0,,,,4,,,,1,,,,2,,,,1,,,,2,,,,2000,,,,7,,,,800,,,,1,,,,1200,,,,0,,,
897831,2013,,,,0,,,,0,,,,0,,,,1,,,,1,,,,1,,,,1,,,,2,,,,4500,,,,,,,,2500,,,,3,,,,2000,,,,0,,,
897841,2011,,,,1,,,,0,,,,0,,,,1,,,,,,,,2,,,,0,,,,4,,,,23000,,,,4,,,,7000,,,,1,,,,6800,,,,0,,,
897848,2011,,,,1,,,,0,,,,0,,,,1,,,,,,,,2,,,,0,,,,5,,,,12000,,,,6,,,,4800,,,,1,,,,4800,,,,0,,,
897855,2014,2014,,,0,0,,,0,0,,,0,0,,,2,4,,,1,1,,,2,2,,,1,1,,,4,2,,,7200,2000,,,,,,,6000,1900,,,3,3,,,1400,100,,,0,0,,
897859,2010,,,,1,,,,0,,,,0,,,,1,,,,,,,,2,,,,0,,,,5,,,,11000,,,,4.5,,,,2600,,,,1,,,,2800,,,,0,,,
897952,2013,2014,,,1,1,,,0,0,,,0,0,,,1,2,,,,,,,2,2,,,0,0,,,5,5,,,15000,5000,,,8,8,,,10800,4750,,,1,1,,,3000,250,,,0,0,,
898009,2011,,,,0,,,,0,,,,0,,,,1,,,,1,,,,2,,,,1,,,,6,,,,20000,,,,,,,,7000,,,,3,,,,4000,,,,0,,,
898159,2013,2013,2014,,0,0,0,,0,0,0,,0,0,0,,1,2,1,,1,1,1,,1,2,1,,1,1,1,,5,1,7,,16000,600,18000,,3,,3,,13000,200,16000,,1,3,1,,3000,400,2000,,0,0,0,
898199,2010,,,,1,,,,0,,,,0,,,,1,,,,,,,,2,,,,0,,,,10,,,,35000,,,,4,,,,18000,,,,1,,,,3000,,,,0,,,
898208,2010,,,,1,,,,0,,,,0,,,,1,,,,,,,,1,,,,0,,,,6,,,,22000,,,,2,,,,5000,,,,1,,,,3300,,,,0,,,
898252,2008,,,,0,,,,0,,,,0,,,,1,,,,1,,,,1,,,,1,,,,7,,,,14993,,,,5.75,,,,1200,,,,1,,,,4000,,,,0,,,
898416,2014,,,,0,,,,0,,,,0,,,,1,,,,1,,,,2,,,,1,,,,5,,,,10000,,,,7,,,,7800,,,,1,,,,2400,,,,0,,,
898512,2011,2013,,,0,0,,,0,0,,,0,0,,,2,4,,,2,1,,,1,2,,,1,1,,,6,6,,,11000,15000,,,11,10,,,8500,10000,,,1,1,,,1600,1800,,,0,0,,
898590,2009,2010,,,1,0,,,0,0,,,0,0,,,1,4,,,,1,,,2,2,,,0,1,,,5,6,,,12000,18000,,,7,9.5,,,3000,9000,,,1,1,,,3600,4800,,,0,0,,
898676,2014,,,,1,,,,0,,,,0,,,,2,,,,,,,,1,,,,0,,,,1,,,,1000,,,,,,,,500,,,,3,,,,500,,,,0,,,
898693,2014,,,,0,,,,0,,,,0,,,,2,,,,,,,,2,,,,0,,,,18,,,,1500,,,,,,,,800,,,,3,,,,100,,,,1,,,
898736,2012,,,,0,,,,0,,,,0,,,,1,,,,1,,,,2,,,,1,,,,3,,,,6000,,,,7,,,,1000,,,,1,,,,2400,,,,0,,,
898783,2011,,,,0,,,,0,,,,0,,,,1,,,,1,,,,2,,,,1,,,,10,,,,50000,,,,6.7,,,,40000,,,,1,,,,8000,,,,0,,,
898822,2012,,,,0,,,,0,,,,0,,,,2,,,,1,,,,2,,,,1,,,,4,,,,8000,,,,8,,,,4000,,,,1,,,,2700,,,,0,,,
898895,2012,,,,0,,,,0,,,,0,,,,4,,,,1,,,,1,,,,1,,,,5,,,,20000,,,,3,,,,11000,,,,1,,,,4100,,,,0,,,
898925,2013,,,,0,,,,0,,,,0,,,,2,,,,1,,,,2,,,,1,,,,12,,,,110000,,,,7,,,,85000,,,,1,,,,12000,,,,0,,,
899051,2013,,,,0,,,,0,,,,0,,,,1,,,,1,,,,2,,,,1,,,,3,,,,12000,,,,,,,,8000,,,,3,,,,4600,,,,0,,,
899151,2013,,,,0,,,,0,,,,0,,,,4,,,,1,,,,2,,,,1,,,,4,,,,3000,,,,0,,,,300,,,,1,,,,1000,,,,0,,,
899159,2014,,,,1,,,,0,,,,0,,,,1,,,,,,,,2,,,,0,,,,4,,,,5000,,,,,,,,5000,,,,3,,,,1300,,,,0,,,
899229,2012,,,,0,,,,0,,,,0,,,,1,,,,1,,,,2,,,,1,,,,3,,,,9000,,,,,,,,2500,,,,3,,,,3000,,,,0,,,
899252,2010,,,,0,,,,0,,,,0,,,,4,,,,2,,,,1,,,,1,,,,10,,,,14000,,,,4,,,,7000,,,,2,,,,3000,,,,0,,,
899253,2009,2014,,,0,0,,,0,0,,,0,0,,,1,2,,,1,1,,,1,2,,,1,1,,,9,1,,,13000,600,,,,,,,6800,500,,,3,3,,,2400,130,,,0,0,,
899255,2013,,,,0,,,,0,,,,0,,,,1,,,,2,,,,1,,,,1,,,,5,,,,16000,,,,,,,,7000,,,,3,,,,4000,,,,0,,,
899501,2008,,,,0,,,,0,,,,0,,,,1,,,,1,,,,2,,,,1,,,,6,,,,18000,,,,6,,,,4000,,,,1,,,,4800,,,,0,,,
899543,2014,,,,1,,,,0,,,,0,,,,1,,,,,,,,2,,,,0,,,,3,,,,14000,,,,,,,,10000,,,,3,,,,6000,,,,0,,,
899645,2014,,,,0,,,,0,,,,0,,,,2,,,,1,,,,2,,,,1,,,,1,,,,550,,,,,,,,270,,,,3,,,,270,,,,0,,,
899671,2008,,,,0,,,,0,,,,0,,,,1,,,,1,,,,1,,,,1,,,,6,,,,15000,,,,6.5,,,,3500,,,,1,,,,3180,,,,0,,,
899672,2014,,,,0,,,,0,,,,0,,,,2,,,,1,,,,2,,,,1,,,,1,,,,1300,,,,,,,,1000,,,,3,,,,300,,,,0,,,
899722,2014,,,,0,,,,0,,,,0,,,,2,,,,1,,,,2,,,,1,,,,1,,,,1200,,,,4,,,,1200,,,,1,,,,205,,,,0,,,
899737,2014,,,,0,,,,0,,,,0,,,,1,,,,,,,,2,,,,0,,,,4,,,,10000,,,,7.8,,,,10000,,,,1,,,,2700,,,,1,,,
899896,2011,,,,0,,,,0,,,,0,,,,1,,,,1,,,,2,,,,1,,,,4,,,,10000,,,,7,,,,3000,,,,1,,,,3200,,,,0,,,
899910,2014,,,,0,,,,0,,,,0,,,,1,,,,1,,,,2,,,,1,,,,5,,,,15000,,,,,,,,13000,,,,3,,,,280,,,,0,,,
899972,2013,,,,0,,,,0,,,,0,,,,4,,,,1,,,,2,,,,1,,,,4,,,,7000,,,,5,,,,3000,,,,1,,,,200,,,,0,,,
899973,2013,,,,0,,,,0,,,,0,,,,5,,,,2,,,,2,,,,1,,,,4,,,,4400,,,,4,,,,3000,,,,1,,,,230,,,,0,,,
900045,2011,,,,1,,,,0,,,,0,,,,1,,,,,,,,2,,,,0,,,,4,,,,14800,,,,6,,,,11000,,,,1,,,,3600,,,,0,,,
900049,2012,,,,1,,,,0,,,,0,,,,1,,,,,,,,2,,,,0,,,,4,,,,10000,,,,2.8,,,,3500,,,,2,,,,3100,,,,0,,,
900073,2013,,,,1,,,,0,,,,0,,,,1,,,,,,,,1,,,,0,,,,6,,,,18000,,,,,,,,14000,,,,3,,,,3240,,,,0,,,
900355,2013,2014,2014,,0,0,0,,0,0,0,,0,0,0,,1,2,5,,1,1,1,,2,2,2,,1,1,1,,4,3,1,,14000,600,1500,,,,9,,7000,400,1100,,3,3,1,,3700,296,400,,0,0,0,
900566,2013,,,,1,,,,0,,,,0,,,,1,,,,,,,,2,,,,0,,,,5,,,,6000,,,,5,,,,2000,,,,2,,,,3000,,,,0,,,
900573,2010,2010,,,0,0,,,1,1,,,0,0,,,1,4,,,,,,,1,2,,,0,0,,,15,15,,,11000,22200,,,1.8,1.8,,,1000,22200,,,2,2,,,1000,2200,,,0,0,,
900615,2013,,,,0,,,,0,,,,0,,,,1,,,,1,,,,2,,,,1,,,,2,,,,16000,,,,7,,,,4000,,,,1,,,,9600,,,,0,,,
900638,2014,,,,0,,,,0,,,,0,,,,2,,,,1,,,,2,,,,1,,,,1,,,,1000,,,,,,,,400,,,,3,,,,600,,,,0,,,
900857,2000,,,,0,,,,0,,,,0,,,,4,,,,2,,,,2,,,,1,,,,10,,,,15000,,,,7,,,,5000,,,,1,,,,2000,,,,0,,,
900901,2013,,,,0,,,,0,,,,0,,,,1,,,,1,,,,2,,,,1,,,,36,,,,10000,,,,1.5,,,,3200,,,,1,,,,3400,,,,0,,,
900996,2011,,,,1,,,,0,,,,0,,,,1,,,,,,,,2,,,,0,,,,5,,,,15000,,,,2.5,,,,6000,,,,2,,,,3350,,,,0,,,
901099,2014,,,,1,,,,0,,,,0,,,,1,,,,,,,,2,,,,0,,,,5,,,,3000,,,,6.7,,,,2500,,,,1,,,,960,,,,0,,,
901116,2012,,,,1,,,,0,,,,0,,,,1,,,,,,,,1,,,,0,,,,4,,,,10000,,,,,,,,5000,,,,3,,,,2500,,,,0,,,
901126,2012,2010,,,1,1,,,0,0,,,0,0,,,1,1,,,,,,,1,1,,,0,0,,,5,5,,,10000,18000,,,3,3,,,2500,4000,,,1,1,,,3500,4000,,,0,0,,
901128,2012,,,,1,,,,0,,,,0,,,,1,,,,,,,,1,,,,0,,,,3,,,,5000,,,,,,,,1500,,,,3,,,,2000,,,,0,,,
901217,2014,,,,0,,,,0,,,,0,,,,1,,,,1,,,,1,,,,1,,,,10,,,,10000,,,,,,,,9000,,,,3,,,,1200,,,,0,,,
901402,2013,,,,0,,,,0,,,,0,,,,1,,,,1,,,,1,,,,1,,,,2,,,,5000,,,,,,,,2500,,,,3,,,,2500,,,,0,,,
901467,2012,,,,0,,,,0,,,,0,,,,1,,,,1,,,,2,,,,1,,,,6,,,,20000,,,,7,,,,14000,,,,1,,,,4440,,,,0,,,
901533,2012,,,,0,,,,0,,,,0,,,,4,,,,,,,,2,,,,0,,,,3,,,,6000,,,,6,,,,2000,,,,1,,,,200,,,,1,,,
901556,2014,,,,0,,,,0,,,,0,,,,2,,,,1,,,,2,,,,1,,,,1,,,,600,,,,,,,,600,,,,3,,,,600,,,,0,,,
902017,2014,,,,1,,,,0,,,,0,,,,1,,,,,,,,2,,,,0,,,,4,,,,16000,,,,7,,,,13000,,,,1,,,,3000,,,,0,,,
902026,2014,,,,1,,,,0,,,,0,,,,1,,,,,,,,2,,,,0,,,,3,,,,20000,,,,7,,,,8000,,,,1,,,,1900,,,,0,,,
902157,2010,,,,0,,,,0,,,,0,,,,4,,,,1,,,,1,,,,1,,,,15,,,,20000,,,,0,,,,12000,,,,1,,,,1000,,,,0,,,
902304,2014,,,,0,,,,0,,,,0,,,,4,,,,1,,,,2,,,,1,,,,1,,,,2000,,,,10,,,,1000,,,,1,,,,1100,,,,0,,,
902305,2012,,,,0,,,,0,,,,0,,,,4,,,,1,,,,2,,,,1,,,,3,,,,2000,,,,7,,,,420,,,,1,,,,720,,,,0,,,
902316,2014,,,,0,,,,0,,,,0,,,,4,,,,1,,,,2,,,,1,,,,10,,,,15000,,,,7,,,,14000,,,,1,,,,1000,,,,0,,,
902396,2012,,,,1,,,,0,,,,0,,,,1,,,,,,,,2,,,,0,,,,4,,,,10000,,,,0,,,,5000,,,,2,,,,2000,,,,0,,,
902499,2014,,,,0,,,,0,,,,0,,,,2,,,,1,,,,2,,,,1,,,,12,,,,400,,,,,,,,360,,,,3,,,,370,,,,0,,,
902501,2014,,,,1,,,,0,,,,0,,,,1,,,,,,,,2,,,,0,,,,3,,,,11000,,,,,,,,10000,,,,3,,,,3660,,,,0,,,
902572,2013,2013,2012,,1,0,0,,0,0,0,,0,0,0,,1,4,4,,,1,2,,2,1,1,,0,1,1,,5,5,4,,8000,10000,1500,,12,12,12,,4800,3000,900,,1,1,1,,1580,3800,1800,,0,0,0,
902575,2012,,,,0,,,,1,,,,0,,,,4,,,,,,,,2,,,,0,,,,5,,,,5000,,,,6,,,,2000,,,,1,,,,1200,,,,0,,,
902630,2009,,,,1,,,,0,,,,0,,,,1,,,,,,,,2,,,,0,,,,7,,,,11000,,,,8,,,,5000,,,,1,,,,2200,,,,0,,,
902675,2014,,,,0,,,,0,,,,0,,,,1,,,,1,,,,2,,,,1,,,,4,,,,6000,,,,7,,,,4700,,,,1,,,,1870,,,,0,,,
902811,2008,,,,0,,,,0,,,,1,,,,4,,,,,,,,2,,,,0,,,,7,,,,10000,,,,5,,,,1500,,,,1,,,,1440,,,,0,,,
902875,2014,,,,0,,,,0,,,,0,,,,1,,,,1,,,,2,,,,1,,,,4,,,,11000,,,,5,,,,9750,,,,2,,,,1250,,,,0,,,
902913,2009,,,,0,,,,0,,,,0,,,,1,,,,1,,,,2,,,,1,,,,8,,,,10700,,,,7,,,,5000,,,,1,,,,5000,,,,0,,,
902916,2012,,,,0,,,,0,,,,0,,,,4,,,,1,,,,2,,,,1,,,,7,,,,27000,,,,7.5,,,,21000,,,,1,,,,5100,,,,0,,,
903034,2013,,,,0,,,,0,,,,0,,,,2,,,,1,,,,2,,,,1,,,,5,,,,5000,,,,3.1,,,,3500,,,,1,,,,1200,,,,0,,,
903101,2013,2014,,,0,0,,,0,0,,,0,0,,,2,4,,,,1,,,2,2,,,0,1,,,2,3,,,1100,3000,,,5,7,,,600,2900,,,1,1,,,580,120,,,1,0,,
903103,2013,,,,0,,,,0,,,,0,,,,1,,,,1,,,,2,,,,1,,,,2,,,,12000,,,,5,,,,5000,,,,1,,,,6000,,,,0,,,
903140,2014,2014,,,0,0,,,0,0,,,0,0,,,1,4,,,1,1,,,2,2,,,1,1,,,6,1,,,23000,900,,,6,0,,,22000,800,,,1,1,,,900,100,,,0,0,,
903256,2013,2012,,,0,0,,,0,0,,,0,0,,,1,4,,,1,2,,,2,2,,,1,1,,,2,5,,,1200,3000,,,8,8,,,640,1800,,,1,1,,,640,900,,,0,0,,
903358,2014,,,,0,,,,0,,,,0,,,,2,,,,1,,,,2,,,,1,,,,2,,,,400,,,,,,,,200,,,,3,,,,200,,,,0,,,
903361,2013,,,,0,,,,0,,,,0,,,,1,,,,1,,,,2,,,,1,,,,4,,,,3000,,,,7,,,,1200,,,,1,,,,1140,,,,0,,,
903372,2014,,,,0,,,,0,,,,0,,,,1,,,,,,,,2,,,,0,,,,4,,,,13000,,,,,,,,11500,,,,3,,,,1800,,,,1,,,
903420,2014,2013,,,1,0,,,0,0,,,0,0,,,1,2,,,,1,,,2,2,,,0,1,,,1,2,,,5000,5000,,,3.9,5.3,,,4500,2500,,,1,1,,,750,2500,,,0,0,,
903431,2012,,,,0,,,,0,,,,0,,,,1,,,,2,,,,2,,,,1,,,,5,,,,11000,,,,2,,,,6000,,,,1,,,,2760,,,,0,,,
903467,2011,,,,0,,,,0,,,,0,,,,2,,,,1,,,,2,,,,1,,,,5,,,,15000,,,,4,,,,3400,,,,1,,,,3600,,,,0,,,
903523,2014,,,,0,,,,0,,,,0,,,,1,,,,1,,,,1,,,,1,,,,3,,,,7000,,,,2,,,,4500,,,,1,,,,2200,,,,0,,,
903525,2012,2012,,,0,0,,,0,0,,,0,0,,,1,4,,,1,1,,,1,2,,,1,1,,,3,4,,,18000,6000,,,13,4,,,12000,3000,,,1,1,,,2450,1560,,,0,0,,
903526,2014,2014,,,0,0,,,0,0,,,0,0,,,4,4,,,1,1,,,2,2,,,1,1,,,1,1,,,1800,1860,,,,,,,100,1395,,,3,3,,,1700,465,,,0,0,,
903724,2012,,,,0,,,,0,,,,0,,,,1,,,,1,,,,2,,,,1,,,,5,,,,7500,,,,9,,,,3800,,,,1,,,,1800,,,,0,,,
903733,2014,,,,0,,,,0,,,,0,,,,2,,,,1,,,,2,,,,1,,,,1,,,,700,,,,,,,,200,,,,3,,,,500,,,,0,,,
904108,2014,,,,0,,,,0,,,,0,,,,1,,,,1,,,,2,,,,1,,,,2,,,,3000,,,,,,,,2520,,,,3,,,,504,,,,0,,,
904116,2011,,,,0,,,,0,,,,0,,,,1,,,,1,,,,1,,,,1,,,,4,,,,10000,,,,,,,,2600,,,,3,,,,2600,,,,0,,,
904125,2012,,,,0,,,,0,,,,0,,,,1,,,,1,,,,2,,,,1,,,,4,,,,8000,,,,6,,,,4000,,,,1,,,,2000,,,,0,,,
904128,2014,,,,0,,,,0,,,,0,,,,4,,,,1,,,,2,,,,1,,,,3,,,,3000,,,,3,,,,2100,,,,1,,,,900,,,,0,,,
904130,2014,,,,0,,,,0,,,,0,,,,4,,,,1,,,,2,,,,1,,,,3,,,,10000,,,,2,,,,7000,,,,2,,,,2500,,,,0,,,
904252,2014,,,,0,,,,1,,,,0,,,,1,,,,,,,,1,,,,0,,,,2,,,,4000,,,,3,,,,1000,,,,2,,,,1700,,,,0,,,
904339,2011,,,,0,,,,0,,,,0,,,,1,,,,1,,,,2,,,,1,,,,4,,,,9000,,,,7.5,,,,1250,,,,1,,,,2480,,,,0,,,
904476,2012,,,,1,,,,0,,,,0,,,,4,,,,,,,,2,,,,0,,,,6,,,,18000,,,,4,,,,16000,,,,2,,,,5000,,,,0,,,
904506,2014,,,,0,,,,0,,,,0,,,,1,,,,1,,,,2,,,,1,,,,24,,,,5000,,,,3,,,,3000,,,,1,,,,2400,,,,0,,,
904921,2014,,,,0,,,,0,,,,0,,,,1,,,,1,,,,2,,,,1,,,,5,,,,10000,,,,,,,,9000,,,,3,,,,1400,,,,0,,,
904954,2013,,,,0,,,,0,,,,0,,,,4,,,,1,,,,2,,,,1,,,,2,,,,2000,,,,7.8,,,,800,,,,1,,,,960,,,,0,,,
905068,2013,,,,0,,,,0,,,,0,,,,1,,,,1,,,,2,,,,1,,,,5,,,,17000,,,,,,,,10000,,,,3,,,,4800,,,,0,,,
905069,2012,,,,0,,,,0,,,,0,,,,1,,,,2,,,,2,,,,1,,,,5,,,,15000,,,,3,,,,8000,,,,1,,,,4000,,,,0,,,
905088,2012,,,,1,,,,0,,,,0,,,,1,,,,,,,,2,,,,0,,,,5,,,,12000,,,,,,,,4500,,,,3,,,,2700,,,,0,,,
905189,2013,,,,0,,,,0,,,,0,,,,1,,,,1,,,,2,,,,1,,,,5,,,,10000,,,,,,,,6500,,,,3,,,,2100,,,,0,,,
905328,2010,,,,1,,,,0,,,,0,,,,1,,,,,,,,2,,,,0,,,,5,,,,8000,,,,6,,,,600,,,,1,,,,2400,,,,0,,,
905387,2014,,,,1,,,,0,,,,0,,,,1,,,,,,,,2,,,,0,,,,4,,,,8000,,,,5,,,,7000,,,,1,,,,265,,,,0,,,
905397,2014,,,,1,,,,0,,,,0,,,,1,,,,,,,,2,,,,0,,,,4,,,,10000,,,,,,,,9400,,,,3,,,,600,,,,0,,,
905611,2014,,,,1,,,,0,,,,0,,,,1,,,,,,,,2,,,,0,,,,5,,,,6000,,,,5,,,,6000,,,,1,,,,1000,,,,0,,,
905836,2009,,,,0,,,,0,,,,0,,,,4,,,,1,,,,2,,,,1,,,,10,,,,30000,,,,4,,,,15000,,,,1,,,,5760,,,,0,,,
905970,2014,,,,0,,,,0,,,,0,,,,2,,,,1,,,,2,,,,1,,,,12,,,,600,,,,1,,,,300,,,,2,,,,50,,,,0,,,
906037,2014,,,,0,,,,0,,,,0,,,,1,,,,1,,,,2,,,,1,,,,5,,,,50000,,,,5.5,,,,45000,,,,1,,,,600,,,,0,,,
906046,2009,,,,0,,,,0,,,,0,,,,1,,,,1,,,,2,,,,1,,,,10,,,,30000,,,,7,,,,15000,,,,1,,,,2700,,,,0,,,
906117,2010,,,,1,,,,0,,,,0,,,,1,,,,,,,,1,,,,0,,,,7,,,,26000,,,,6.5,,,,10000,,,,1,,,,5500,,,,0,,,
906343,2011,,,,0,,,,0,,,,0,,,,3,,,,1,,,,2,,,,1,,,,10,,,,15000,,,,7,,,,10000,,,,1,,,,2880,,,,0,,,
906430,2014,,,,0,,,,0,,,,0,,,,2,,,,1,,,,3,,,,1,,,,11,,,,1100,,,,,,,,200,,,,3,,,,600,,,,0,,,
906438,2012,,,,0,,,,0,,,,0,,,,4,,,,1,,,,2,,,,1,,,,2,,,,5000,,,,10,,,,450,,,,1,,,,500,,,,0,,,
906532,2012,,,,1,,,,0,,,,0,,,,1,,,,,,,,2,,,,0,,,,5,,,,10000,,,,,,,,6000,,,,3,,,,2000,,,,0,,,
906545,2013,,,,0,,,,0,,,,0,,,,1,,,,1,,,,2,,,,1,,,,5,,,,11000,,,,4,,,,6500,,,,2,,,,2400,,,,0,,,
906598,2014,,,,0,,,,0,,,,0,,,,4,,,,1,,,,2,,,,1,,,,3,,,,3700,,,,8.25,,,,3200,,,,1,,,,606,,,,0,,,
906690,2014,,,,0,,,,0,,,,0,,,,4,,,,1,,,,2,,,,1,,,,1,,,,600,,,,7.3,,,,420,,,,1,,,,63,,,,0,,,
906697,2014,,,,0,,,,0,,,,0,,,,2,,,,1,,,,2,,,,1,,,,3,,,,3000,,,,,,,,2200,,,,3,,,,1200,,,,0,,,
906721,2012,,,,0,,,,0,,,,0,,,,1,,,,1,,,,2,,,,1,,,,4,,,,14000,,,,5.5,,,,7500,,,,2,,,,3620,,,,0,,,
906880,2013,,,,0,,,,0,,,,0,,,,1,,,,1,,,,2,,,,1,,,,3,,,,5000,,,,,,,,1000,,,,3,,,,2400,,,,0,,,
906912,2007,,,,0,,,,0,,,,0,,,,1,,,,1,,,,1,,,,1,,,,7,,,,24000,,,,,,,,4000,,,,3,,,,3600,,,,0,,,
906921,2010,,,,0,,,,0,,,,0,,,,4,,,,1,,,,1,,,,1,,,,7,,,,10000,,,,,,,,4000,,,,3,,,,4800,,,,0,,,
906948,2011,,,,1,,,,0,,,,0,,,,1,,,,,,,,2,,,,0,,,,4,,,,12000,,,,3,,,,2400,,,,1,,,,2400,,,,0,,,
907024,2014,,,,0,,,,0,,,,0,,,,2,,,,1,,,,1,,,,1,,,,1,,,,1200,,,,8.5,,,,400,,,,1,,,,800,,,,0,,,
907337,2013,,,,1,,,,0,,,,0,,,,2,,,,,,,,2,,,,0,,,,5,,,,20000,,,,7,,,,13000,,,,1,,,,4800,,,,0,,,
907353,2009,,,,0,,,,1,,,,0,,,,4,,,,,,,,2,,,,0,,,,6,,,,10000,,,,6,,,,3000,,,,1,,,,2400,,,,0,,,
907440,2010,,,,0,,,,0,,,,0,,,,2,,,,1,,,,2,,,,1,,,,10,,,,16000,,,,3.75,,,,8000,,,,1,,,,3600,,,,0,,,
907448,2000,,,,0,,,,0,,,,0,,,,1,,,,1,,,,2,,,,1,,,,7,,,,8000,,,,3.4,,,,4500,,,,1,,,,1800,,,,0,,,
907455,2013,,,,0,,,,0,,,,0,,,,1,,,,1,,,,2,,,,1,,,,5,,,,10000,,,,,,,,5000,,,,3,,,,2400,,,,0,,,
907490,2014,,,,1,,,,0,,,,0,,,,1,,,,,,,,1,,,,0,,,,2,,,,7000,,,,6,,,,7000,,,,1,,,,2400,,,,0,,,
907494,2014,,,,0,,,,0,,,,0,,,,2,,,,1,,,,2,,,,1,,,,1,,,,330,,,,,,,,240,,,,3,,,,240,,,,0,,,
907560,2014,,,,0,,,,0,,,,0,,,,1,,,,1,,,,2,,,,1,,,,2,,,,5000,,,,,,,,5000,,,,3,,,,1000,,,,0,,,
907575,2014,,,,0,,,,0,,,,0,,,,1,,,,1,,,,2,,,,1,,,,3,,,,22000,,,,,,,,17000,,,,3,,,,6000,,,,0,,,
907596,2012,,,,0,,,,0,,,,0,,,,4,,,,1,,,,2,,,,1,,,,4,,,,9000,,,,6.5,,,,4300,,,,1,,,,225,,,,0,,,
907849,2012,,,,0,,,,0,,,,0,,,,1,,,,1,,,,1,,,,1,,,,4,,,,30000,,,,,,,,10000,,,,3,,,,6000,,,,0,,,
908037,2014,,,,0,,,,0,,,,0,,,,4,,,,1,,,,2,,,,1,,,,4,,,,4000,,,,,,,,3000,,,,3,,,,1000,,,,0,,,
908050,2013,,,,0,,,,0,,,,0,,,,4,,,,2,,,,2,,,,1,,,,10,,,,36000,,,,3.05,,,,30000,,,,2,,,,3600,,,,0,,,
908051,2012,,,,0,,,,0,,,,0,,,,4,,,,1,,,,2,,,,1,,,,5,,,,5000,,,,4,,,,2500,,,,2,,,,1200,,,,0,,,
908153,2013,,,,1,,,,0,,,,0,,,,1,,,,,,,,2,,,,0,,,,5,,,,10000,,,,4,,,,8000,,,,1,,,,3000,,,,0,,,
908355,2014,,,,0,,,,0,,,,0,,,,1,,,,1,,,,2,,,,1,,,,1,,,,5000,,,,,,,,4700,,,,3,,,,300,,,,0,,,
908359,2004,,,,0,,,,0,,,,0,,,,4,,,,2,,,,1,,,,1,,,,15,,,,30000,,,,8,,,,15000,,,,1,,,,10800,,,,0,,,
908645,2011,2012,2013,,0,0,0,,0,0,0,,0,0,0,,1,1,4,,1,1,2,,2,2,2,,1,1,1,,5,5,4,,21500,7000,9000,,7,7,4,,5000,4500,4600,,1,1,1,,4400,1440,2400,,0,0,0,
908673,2010,,,,0,,,,0,,,,0,,,,1,,,,1,,,,2,,,,1,,,,6,,,,15000,,,,5,,,,3000,,,,1,,,,4000,,,,0,,,
908710,2008,,,,0,,,,0,,,,0,,,,1,,,,1,,,,2,,,,1,,,,10,,,,10000,,,,,,,,5000,,,,3,,,,2500,,,,0,,,
908711,2014,,,,0,,,,0,,,,0,,,,2,,,,1,,,,2,,,,1,,,,2,,,,3500,,,,,,,,1020,,,,3,,,,2000,,,,0,,,
908797,2010,,,,0,,,,0,,,,0,,,,2,,,,1,,,,2,,,,1,,,,5,,,,12000,,,,,,,,1200,,,,3,,,,3600,,,,0,,,
908799,2014,,,,0,,,,0,,,,0,,,,2,,,,1,,,,2,,,,1,,,,1,,,,1000,,,,,,,,175,,,,3,,,,960,,,,0,,,
908817,2013,,,,0,,,,0,,,,0,,,,2,,,,1,,,,2,,,,1,,,,3,,,,3000,,,,6,,,,2400,,,,1,,,,1200,,,,0,,,
908835,2012,,,,0,,,,0,,,,0,,,,1,,,,1,,,,2,,,,1,,,,5,,,,18000,,,,,,,,15000,,,,3,,,,3600,,,,0,,,
908840,2013,,,,0,,,,0,,,,0,,,,2,,,,1,,,,2,,,,1,,,,4,,,,2500,,,,7,,,,1500,,,,1,,,,700,,,,0,,,
909208,2014,,,,0,,,,0,,,,0,,,,1,,,,1,,,,2,,,,1,,,,3,,,,5000,,,,6.3,,,,3500,,,,1,,,,800,,,,0,,,
909475,2013,,,,0,,,,0,,,,0,,,,1,,,,1,,,,2,,,,1,,,,4,,,,11000,,,,,,,,6900,,,,3,,,,3600,,,,0,,,
909513,2007,,,,0,,,,0,,,,0,,,,1,,,,1,,,,2,,,,1,,,,8,,,,18000,,,,,,,,2000,,,,3,,,,600,,,,0,,,
909544,2012,,,,0,,,,0,,,,0,,,,1,,,,1,,,,2,,,,1,,,,4,,,,17000,,,,,,,,6000,,,,3,,,,4300,,,,0,,,
909549,2010,,,,0,,,,0,,,,0,,,,1,,,,1,,,,2,,,,1,,,,7,,,,10000,,,,2,,,,5000,,,,1,,,,1700,,,,0,,,
909570,2012,,,,1,,,,0,,,,0,,,,1,,,,,,,,2,,,,0,,,,5,,,,10000,,,,,,,,6000,,,,3,,,,4200,,,,0,,,
909606,2014,,,,0,,,,0,,,,0,,,,1,,,,1,,,,2,,,,1,,,,5,,,,8500,,,,3,,,,7000,,,,1,,,,2000,,,,0,,,
909610,2013,,,,1,,,,0,,,,0,,,,1,,,,,,,,2,,,,0,,,,5,,,,10000,,,,3.5,,,,4600,,,,1,,,,2700,,,,0,,,
909623,2013,,,,1,,,,0,,,,0,,,,1,,,,,,,,1,,,,0,,,,5,,,,10000,,,,3.5,,,,4600,,,,1,,,,2700,,,,0,,,
909631,2014,,,,0,,,,0,,,,0,,,,1,,,,1,,,,1,,,,1,,,,3,,,,13000,,,,3.25,,,,11000,,,,1,,,,2100,,,,0,,,
