nquest,anmutuo11,anmutuo12,anmutuo13,debgar11_1,debgar12_1,debgar13_1,debgar11_2,debgar12_2,debgar13_2,debgar11_3,debgar12_3,debgar13_3,debm11,debm12,debm13,debpers11,debpers12,debpers13,debrf11,debrf12,debrf13,ltv11,ltv12,ltv13,mutuodu11,mutuodu12,mutuodu13,mutuoin11,mutuoin12,mutuoin13,ratacon11,ratacon12,ratacon13,rifinanz11,rifinanz12,rifinanz13,rippag11,rippag12,rippag13,sospecome11,sospecome12,sospecome13,sospens11,sospens12,sospens13,stesmut11,stesmut12,stesmut13,taxfis11,taxfis12,taxfis13,taxvar11,taxvar12,taxvar13,tipotax11,tipotax12,tipotax13,tmutuoab11,tmutuoab12,tmutuoab13,whytipo11,whytipo12,whytipo13,tdebita11,tdebita12,tdebita13
23823,2010,,,1,,,0,,,0,,,1,,,,,,2,,,40,,,18,,,90000,,,,,,2,,,,,,,,,2,,,,,,3.3,,,,,,1,,,5400,,,3,,,70000,,
31860,2014,,,1,,,0,,,0,,,2,,,,,,2,,,12,,,6,,,20000,,,,,,2,,,,,,,,,2,,,,,,7.9,,,,,,1,,,3200,,,1,,,12000,,
32320,2004,,,1,,,0,,,0,,,1,,,,,,2,,,100,,,15,,,150000,,,1,,,2,,,,,,,,,2,,,,,,,,,3,,,2,,,12000,,,4,,,45000,,
35022,2004,,,1,,,0,,,0,,,1,,,,,,2,,,100,,,30,,,104000,,,,,,2,,,,,,,,,2,,,,,,5,,,,,,1,,,6000,,,4,,,70000,,
35032,1999,,,1,,,0,,,0,,,1,,,,,,2,,,20,,,15,,,30000,,,,,,2,,,,,,,,,2,,,,,,4.5,,,,,,1,,,2600,,,4,,,1300,,
37521,2003,,,1,,,0,,,0,,,1,,,,,,2,,,50,,,20,,,70000,,,,,,2,,,,,,,,,2,,,,,,1.43,,,,,,1,,,1560,,,4,,,12000,,
37665,2000,,,1,,,0,,,0,,,1,,,,,,2,,,80,,,30,,,145000,,,1,,,2,,,,,,,,,2,,,,,,,,,1.67,,,2,,,8088,,,1,,,72000,,
38014,1996,,,1,,,0,,,0,,,1,,,,,,2,,,75,,,20,,,20000,,,,,,2,,,,,,,,,2,,,,,,8,,,,,,1,,,2400,,,4,,,6185.0327694,,
38272,2004,,,1,,,0,,,0,,,2,,,,,,2,,,50,,,15,,,120000,,,1,,,2,,,,,,,,,2,,,,,,,,,5,,,2,,,10000,,,4,,,40000,,
39697,1992,,,0,,,0,,,1,,,1,,,2,,,2,,,100,,,25,,,120000,,,,,,2,,,,,,,,,2,,,,,,4,,,,,,1,,,2700,,,3,,,10100,,
53520,2001,,,1,,,0,,,0,,,1,,,,,,2,,,50,,,15,,,20000,,,,,,2,,,,,,,,,2,,,,,,3,,,,,,1,,,3200,,,1,,,9051.5563357,,
57086,2003,,,1,,,0,,,0,,,1,,,,,,2,,,80,,,12,,,45000,,,,,,2,,,,,,,,,2,,,,,,5,,,,,,1,,,6000,,,1,,,10000,,
57670,2007,,,0,,,0,,,1,,,2,,,2,,,2,,,6,,,30,,,52000,,,,,,2,,,,,,,,,2,,,,,,6,,,,,,1,,,2500,,,4,,,30000,,
57911,2013,,,1,,,0,,,0,,,1,,,,,,2,,,25,,,30,,,50000,,,1,,,2,,,,,,,,,2,,,,,,,,,3,,,2,,,4800,,,3,,,48000,,
58053,2013,,,1,,,0,,,0,,,2,,,,,,2,,,40,,,20,,,60000,,,1,,,2,,,,,,,,,2,,,,,,,,,1.8,,,2,,,4320,,,4,,,45000,,
91081,2001,,,1,,,0,,,0,,,1,,,,,,2,,,100,,,20,,,100000,,,1,,,2,,,2,,,3,,,1,,,,,,,,,3.9,,,2,,,8000,,,1,,,64000,,
501068,2010,,,1,,,0,,,0,,,1,,,,,,2,,,75,,,31,,,60000,,,,,,2,,,,,,,,,2,,,,,,4.5,,,,,,1,,,3600,,,4,,,57000,,
504395,2003,,,1,,,0,,,0,,,2,,,,,,2,,,100,,,15,,,90000,,,1,,,2,,,,,,,,,2,,,,,,,,,3.4,,,2,,,4000,,,4,,,12000,,
504483,2004,,,1,,,0,,,0,,,1,,,,,,2,,,100,,,15,,,140000,,,1,,,2,,,1,,,1,,,1,,,,,,,,,4,,,2,,,12600,,,1,,,70000,,
504821,2013,,,1,,,0,,,0,,,1,,,,,,2,,,100,,,20,,,81000,,,,,,2,,,,,,,,,2,,,,,,5,,,,,,1,,,6000,,,3,,,78000,,
505390,2006,,,1,,,0,,,0,,,1,,,,,,1,,,100,,,10,,,90000,,,,,,2,,,,,,,,,2,,,,,,2,,,,,,1,,,9000,,,1,,,25954.949454,,
505433,2001,,,1,,,0,,,0,,,1,,,,,,2,,,70,,,36,,,140000,,,1,,,2,,,,,,,,,2,,,,,,,,,3.25,,,2,,,6000,,,4,,,100000,,
505548,2010,,,1,,,1,,,0,,,1,,,,,,2,,,50,,,20,,,80000,,,1,,,2,,,,,,,,,2,,,,,,,,,2,,,2,,,5000,,,4,,,60000,,
505806,2001,,,1,,,0,,,0,,,2,,,,,,2,,,60,,,15,,,100000,,,1,,,2,,,,,,,,,2,,,,,,,,,4.2,,,2,,,8000,,,4,,,22116.724432,,
505818,2008,,,1,,,0,,,0,,,1,,,,,,2,,,60,,,10,,,200000,,,2,,,2,,,,,,,,,2,,,,,,,,,0.75,,,2,,,26000,,,1,,,127125.42992,,
505820,2006,,,1,,,0,,,0,,,1,,,,,,2,,,80,,,25,,,190000,,,2,,,2,,,,,,,,,2,,,,,,,,,4.5,,,2,,,9600,,,4,,,135000,,
506152,2001,,,1,,,0,,,0,,,1,,,,,,2,,,100,,,15,,,70000,,,1,,,2,,,,,,,,,2,,,,,,,,,2.5,,,2,,,6000,,,1,,,17136.141379,,
506446,2005,,,1,,,0,,,0,,,2,,,,,,2,,,0,,,10,,,40000,,,,,,2,,,,,,,,,2,,,,,,4.5,,,,,,1,,,5200,,,1,,,2800,,
506458,2001,,,1,,,0,,,0,,,1,,,,,,2,,,90,,,20,,,120000,,,1,,,2,,,,,,,,,2,,,,,,,,,3.3,,,2,,,8800,,,1,,,60000,,
507329,2004,,,1,,,0,,,0,,,1,,,,,,1,,,100,,,25,,,200000,,,2,,,1,,,,,,,,,2,,,1,,,,,,1.31,,,2,,,10000,,,4,,,130000,,
507360,2000,,,1,,,0,,,0,,,1,,,,,,2,,,60,,,25,,,200000,,,,,,2,,,,,,,,,2,,,,,,4.5,,,,,,1,,,9000,,,4,,,80000,,
507544,2007,,,1,,,0,,,0,,,2,,,,,,2,,,30,,,20,,,150000,,,2,,,1,,,,,,,,,2,,,1,,,,,,3.5,,,2,,,12000,,,4,,,100000,,
507908,2008,,,1,,,0,,,0,,,1,,,,,,2,,,100,,,15,,,100000,,,,,,2,,,,,,,,,2,,,,,,6,,,,,,1,,,5400,,,4,,,40000,,
509074,2003,,,1,,,0,,,0,,,1,,,,,,2,,,100,,,20,,,98000,,,1,,,2,,,,,,,,,2,,,,,,,,,3.4,,,2,,,6700,,,2,,,54500,,
512517,2010,,,1,,,0,,,0,,,2,,,,,,2,,,70,,,15,,,85000,,,1,,,2,,,,,,,,,2,,,,,,,,,1.3,,,2,,,6912,,,3,,,63000,,
512784,2007,,,1,,,0,,,0,,,2,,,,,,2,,,15,,,10,,,30000,,,,,,2,,,,,,,,,2,,,,,,4.5,,,,,,1,,,3600,,,4,,,7500,,
513113,2013,,,1,,,0,,,0,,,1,,,,,,2,,,80,,,18,,,80000,,,2,,,2,,,,,,,,,2,,,,,,,,,3.3,,,2,,,6000,,,4,,,80000,,
513449,2007,,,1,,,0,,,0,,,1,,,,,,2,,,80,,,20,,,95000,,,,,,2,,,,,,,,,2,,,,,,3.5,,,,,,1,,,6000,,,1,,,60000,,
611614,2001,,,1,,,0,,,0,,,2,,,,,,2,,,70,,,15,,,50000,,,2,,,2,,,,,,,,,2,,,,,,,,,1.48,,,2,,,4700,,,4,,,13692.710977,,
614683,2006,,,1,,,0,,,0,,,3,,,,,,2,,,100,,,10,,,90000,,,,,,2,,,,,,,,,2,,,,,,5,,,,,,1,,,12000,,,3,,,32678.976352,,
620649,2013,,,0,,,0,,,1,,,2,,,1,,,2,,,100,,,10,,,14000,,,,,,2,,,,,,,,,2,,,,,,3.5,,,,,,1,,,2136,,,4,,,11000,,
620858,2003,,,1,,,0,,,0,,,1,,,,,,2,,,40,,,25,,,98000,,,,,,1,,,,,,,,,2,,,1,,,3.9,,,,,,1,,,6492,,,3,,,48000,,
627314,2011,,,1,,,0,,,0,,,1,,,,,,2,,,100,,,14,,,150000,,,,,,2,,,,,,,,,2,,,,,,6,,,,,,1,,,14000,,,1,,,120000,,
630858,2012,,,1,,,0,,,0,,,1,,,,,,2,,,60,,,15,,,50000,,,,,,2,,,,,,,,,2,,,,,,3.15,,,,,,1,,,3600,,,4,,,46000,,
635112,2009,,,1,,,0,,,0,,,1,,,,,,1,,,33,,,20,,,100000,,,,,,2,,,,,,,,,2,,,,,,5.25,,,,,,1,,,8450,,,3,,,83000,,
635346,2012,,,1,,,0,,,0,,,2,,,,,,2,,,5,,,5,,,40000,,,,,,2,,,,,,,,,2,,,,,,3.7,,,,,,1,,,3700,,,4,,,16000,,
636289,2010,,,1,,,0,,,0,,,2,,,,,,1,,,25,,,15,,,130000,,,2,,,2,,,,,,,,,2,,,,,,,,,1.71,,,2,,,9870,,,4,,,96000,,
639502,2007,,,1,,,0,,,0,,,1,,,,,,2,,,100,,,20,,,124000,,,,,,2,,,,,,,,,2,,,,,,4.4,,,,,,1,,,9333,,,3,,,80000,,
640864,2001,,,1,,,0,,,0,,,1,,,,,,2,,,100,,,20,,,50000,,,,,,2,,,2,,,2,,,1,,,,,,5,,,,,,1,,,1000,,,4,,,6463.2127594,,
641305,2000,2009,,1,0,,0,0,,0,1,,1,2,,,1,,2,2,,80,50,,20,7,,64000,13000,,,,,2,2,,,,,,,,2,2,,,,,7,5.76,,,,,1,1,,5500,2424,,3,4,,30000,6508.259865,
670711,2008,,,1,,,0,,,0,,,1,,,,,,2,,,30,,,30,,,50000,,,1,,,2,,,,,,,,,2,,,,,,,,,3,,,2,,,2400,,,1,,,27000,,
671206,1999,,,1,,,0,,,0,,,1,,,,,,2,,,45,,,20,,,45000,,,2,,,2,,,,,,,,,2,,,,,,,,,0.1,,,2,,,2200,,,1,,,10000,,
671362,2008,,,1,,,0,,,0,,,3,,,,,,2,,,10,,,10,,,30000,,,,,,2,,,,,,,,,2,,,,,,3.9,,,,,,1,,,3600,,,1,,,16071.682728,,
672417,2001,,,1,,,0,,,0,,,1,,,,,,2,,,100,,,20,,,60000,,,2,,,2,,,,,,,,,2,,,,,,,,,4,,,2,,,6000,,,1,,,25000,,
673145,2004,,,1,,,0,,,0,,,1,,,,,,2,,,100,,,20,,,80000,,,2,,,2,,,,,,,,,2,,,,,,,,,3.5,,,2,,,5400,,,4,,,40000,,
674239,2009,,,1,,,0,,,0,,,1,,,,,,1,,,80,,,20,,,135000,,,,,,2,,,,,,,,,2,,,,,,4.49,,,,,,1,,,10300,,,1,,,110000,,
674842,2003,,,1,,,0,,,0,,,2,,,,,,2,,,100,,,15,,,35000,,,,,,2,,,,,,,,,2,,,,,,13,,,,,,1,,,2400,,,3,,,9000,,
675702,2008,,,1,,,0,,,0,,,1,,,,,,2,,,32,,,15,,,140000,,,2,,,2,,,,,,,,,2,,,,,,,,,6,,,2,,,11200,,,1,,,105000,,
675905,2012,,,1,,,0,,,0,,,1,,,,,,2,,,20,,,10,,,70000,,,,,,2,,,,,,,,,2,,,,,,2.45,,,,,,1,,,7923,,,4,,,51873,,
676470,2005,,,1,,,0,,,0,,,1,,,,,,2,,,30,,,20,,,80000,,,1,,,2,,,,,,,,,2,,,,,,,,,3.19,,,2,,,4042,,,1,,,39781.547006,,
680243,2002,,,0,,,0,,,1,,,1,,,1,,,2,,,100,,,15,,,55000,,,,,,2,,,,,,,,,2,,,,,,3,,,,,,1,,,3600,,,4,,,9000,,
680244,2007,,,0,,,0,,,1,,,1,,,1,,,2,,,20,,,25,,,180000,,,1,,,2,,,,,,,,,2,,,,,,,,,5,,,2,,,11000,,,4,,,100000,,
680870,2013,,,1,,,0,,,0,,,1,,,,,,2,,,30,,,23,,,70000,,,1,,,2,,,,,,,,,2,,,,,,,,,7.5,,,2,,,6000,,,4,,,65000,,
681380,1996,,,0,,,0,,,1,,,1,,,1,,,2,,,100,,,25,,,70000,,,,,,2,,,,,,,,,2,,,,,,4.5,,,,,,1,,,2500,,,4,,,15000,,
681387,2001,,,1,,,0,,,0,,,2,,,,,,2,,,100,,,15,,,70000,,,,,,2,,,,,,,,,2,,,,,,3,,,,,,1,,,4000,,,4,,,8000,,
681394,2011,,,1,,,0,,,0,,,1,,,,,,2,,,60,,,30,,,165000,,,2,,,2,,,,,,,,,2,,,,,,,,,3,,,2,,,7200,,,1,,,140000,,
681477,2002,,,1,,,0,,,0,,,1,,,,,,2,,,100,,,25,,,77000,,,,,,2,,,,,,,,,2,,,,,,4,,,,,,1,,,5000,,,1,,,50000,,
681713,2003,,,1,,,0,,,0,,,1,,,,,,2,,,30,,,20,,,139000,,,2,,,2,,,,,,,,,2,,,,,,,,,2.5,,,2,,,8000,,,1,,,80000,,
681844,2012,,,1,,,0,,,0,,,1,,,,,,2,,,100,,,36,,,300000,,,,,,2,,,,,,,,,2,,,,,,3.75,,,,,,1,,,13500,,,4,,,260000,,
681875,2003,,,1,,,0,,,0,,,1,,,,,,2,,,100,,,25,,,83000,,,,,,2,,,,,,,,,2,,,,,,4.5,,,,,,1,,,4560,,,4,,,50400,,
681897,2001,,,1,,,0,,,0,,,1,,,,,,2,,,80,,,30,,,100000,,,2,,,2,,,,,,,,,2,,,,,,,,,2,,,2,,,8400,,,1,,,70000,,
682359,2000,,,1,,,0,,,0,,,2,,,,,,2,,,80,,,15,,,70000,,,2,,,2,,,,,,,,,2,,,,,,,,,5,,,2,,,3840,,,2,,,640,,
682791,1997,,,1,,,0,,,0,,,1,,,,,,1,,,80,,,20,,,150000,,,,,,2,,,,,,,,,2,,,,,,5,,,,,,1,,,12000,,,3,,,30000,,
683033,2005,2009,,1,0,,0,0,,0,1,,1,3,,,1,,2,2,,80,80,,36,10,,150000,20000,,1,,,2,2,,1,,,2,,,1,2,,,,,,9,,2.5,,,2,1,,6000,2000,,1,1,,120000,10000,
683164,2011,,,1,,,0,,,0,,,1,,,,,,2,,,100,,,25,,,150000,,,1,,,2,,,,,,,,,2,,,,,,,,,2.7,,,2,,,8400,,,4,,,135000,,
683349,2002,,,1,,,0,,,0,,,1,,,,,,2,,,80,,,20,,,140000,,,2,,,2,,,,,,,,,2,,,,,,,,,1,,,2,,,10800,,,4,,,90000,,
683352,2007,,,1,,,0,,,0,,,1,,,,,,2,,,100,,,30,,,125000,,,,,,2,,,,,,,,,2,,,,,,6.8,,,,,,1,,,4000,,,4,,,70000,,
683469,2008,,,1,,,0,,,0,,,2,,,,,,2,,,50,,,20,,,125000,,,1,,,2,,,,,,,,,2,,,,,,,,,6.3,,,2,,,7500,,,1,,,93000,,
683611,2007,,,1,,,0,,,0,,,1,,,,,,2,,,75,,,25,,,130000,,,2,,,2,,,,,,,,,2,,,,,,,,,4.5,,,2,,,6000,,,4,,,90000,,
684240,2001,,,1,,,0,,,0,,,1,,,,,,1,,,70,,,30,,,130000,,,,,,2,,,,,,,,,2,,,,,,3.5,,,,,,1,,,4500,,,4,,,60000,,
684407,1999,,,1,,,0,,,0,,,1,,,,,,2,,,90,,,20,,,150000,,,,,,1,,,,,,,,,2,,,1,,,3,,,,,,1,,,9000,,,1,,,50000,,
685058,2008,,,1,,,0,,,0,,,1,,,,,,2,,,100,,,20,,,80000,,,,,,2,,,,,,,,,2,,,,,,3,,,,,,1,,,4320,,,4,,,54180,,
685149,2003,,,1,,,0,,,0,,,1,,,,,,2,,,60,,,15,,,45000,,,,,,2,,,,,,,,,2,,,,,,4.5,,,,,,1,,,6000,,,4,,,26339.860467,,
685528,2013,,,0,,,0,,,1,,,1,,,2,,,2,,,15,,,12,,,13000,,,1,,,2,,,,,,,,,2,,,,,,,,,5,,,2,,,1000,,,4,,,11000,,
686173,2001,,,1,,,0,,,0,,,2,,,,,,2,,,50,,,15,,,77000,,,1,,,2,,,,,,,,,2,,,,,,,,,2.5,,,2,,,6500,,,1,,,15000,,
686423,2004,,,1,,,0,,,0,,,2,,,,,,2,,,100,,,15,,,25000,,,2,,,2,,,,,,,,,2,,,,,,,,,2.8,,,2,,,1500,,,4,,,9000,,
686528,2013,2013,,1,0,,0,0,,0,1,,1,2,,,1,,2,2,,100,6,,25,7,,200000,13000,,,,,2,2,,,,,,,,2,2,,,,,3.4,4.5,,,,,3,1,,13000,2750,,4,4,,190000,10000,
686634,2001,,,1,,,0,,,0,,,1,,,,,,2,,,100,,,20,,,25000,,,,,,2,,,,,,,,,2,,,,,,2.5,,,,,,1,,,3600,,,4,,,20000,,
687112,2007,,,0,,,0,,,1,,,1,,,1,,,2,,,80,,,25,,,120000,,,,,,2,,,,,,,,,2,,,,,,5,,,,,,1,,,11760,,,1,,,100000,,
687321,2003,,,1,,,0,,,0,,,1,,,,,,2,,,30,,,15,,,50000,,,,,,2,,,,,,,,,2,,,,,,3,,,,,,1,,,5000,,,1,,,18000,,
687699,2000,,,1,,,0,,,0,,,1,,,,,,2,,,90,,,28,,,150000,,,1,,,1,,,,,,,,,2,,,1,,,,,,5.7,,,2,,,7200,,,1,,,70000,,
687953,2012,,,1,,,0,,,0,,,1,,,,,,2,,,65,,,20,,,80000,,,,,,2,,,,,,,,,2,,,,,,3.9,,,,,,1,,,5400,,,1,,,74000,,
688264,2006,,,1,,,0,,,0,,,1,,,,,,2,,,80,,,10,,,60000,,,,,,2,,,,,,,,,2,,,,,,5,,,,,,1,,,6000,,,3,,,12000,,
688287,2002,,,1,,,0,,,0,,,1,,,,,,2,,,80,,,21,,,175000,,,1,,,2,,,,,,,,,2,,,,,,,,,0,,,2,,,900,,,3,,,10000,,
688323,2012,,,1,,,0,,,0,,,1,,,,,,2,,,70,,,20,,,80000,,,2,,,2,,,,,,,,,2,,,,,,,,,3,,,2,,,7000,,,1,,,70000,,
700624,1999,,,1,,,0,,,0,,,1,,,,,,2,,,80,,,20,,,80000,,,,,,2,,,,,,,,,2,,,,,,5,,,,,,1,,,4200,,,4,,,22000,,
700950,2006,,,1,,,0,,,0,,,1,,,,,,2,,,100,,,20,,,160000,,,,,,2,,,,,,,,,2,,,,,,5.13,,,,,,1,,,1064,,,3,,,9916.9939105,,
702643,1999,,,1,,,0,,,0,,,1,,,,,,2,,,90,,,35,,,130000,,,1,,,2,,,,,,,,,2,,,,,,,,,3.5,,,2,,,4800,,,4,,,70000,,
707963,2006,,,1,,,0,,,0,,,1,,,,,,2,,,60,,,64,,,350000,,,,,,2,,,,,,,,,2,,,,,,3.6,,,,,,1,,,10800,,,4,,,260000,,
709460,2004,,,1,,,0,,,0,,,1,,,,,,2,,,45,,,15,,,60000,,,2,,,2,,,,,,,,,2,,,,,,,,,1.98,,,2,,,1800,,,4,,,6500,,
711467,2007,,,1,,,0,,,0,,,1,,,,,,2,,,80,,,25,,,100000,,,,,,1,,,,,,,,,2,,,1,,,3,,,,,,1,,,7000,,,3,,,80000,,
712141,2014,,,1,,,0,,,0,,,2,,,,,,2,,,100,,,5,,,25000,,,,,,2,,,,,,,,,2,,,,,,4,,,,,,1,,,1300,,,1,,,6814.7779138,,
712823,2005,,,1,,,0,,,0,,,1,,,,,,2,,,30,,,20,,,50000,,,,,,2,,,,,,,,,2,,,,,,2.5,,,,,,1,,,3200,,,1,,,32000,,
713400,2000,,,1,,,0,,,0,,,1,,,,,,2,,,80,,,15,,,75000,,,,,,2,,,,,,,,,2,,,,,,10,,,,,,1,,,6200,,,4,,,12000,,
713811,2014,,,1,,,0,,,0,,,2,,,,,,2,,,80,,,45,,,45000,,,,,,2,,,,,,,,,2,,,,,,1.51,,,,,,1,,,1300,,,1,,,43000,,
713851,2003,,,1,,,0,,,0,,,1,,,,,,1,,,90,,,30,,,100000,,,,,,2,,,,,,,,,2,,,,,,8,,,,,,3,,,5980,,,3,,,60000,,
714430,2000,,,1,,,0,,,0,,,3,,,,,,2,,,100,,,15,,,180000,,,,,,2,,,,,,,,,2,,,,,,6,,,,,,1,,,13900,,,4,,,6500,,
715065,2005,,,1,,,0,,,0,,,1,,,,,,2,,,50,,,20,,,125000,,,2,,,2,,,,,,,,,2,,,,,,,,,6,,,2,,,8000,,,4,,,80000,,
715880,2000,,,0,,,1,,,0,,,1,,,,,,2,,,70,,,20,,,150000,,,,,,2,,,,,,,,,2,,,,,,3,,,,,,1,,,8000,,,3,,,38000,,
716507,2005,,,1,,,0,,,0,,,1,,,,,,2,,,70,,,35,,,160000,,,2,,,2,,,,,,,,,2,,,,,,,,,3.5,,,2,,,3500,,,4,,,60498.775769,,
717409,2004,,,1,,,0,,,0,,,1,,,,,,2,,,50,,,25,,,100000,,,2,,,2,,,,,,,,,2,,,,,,,,,3.5,,,2,,,5000,,,1,,,70000,,
717414,2003,,,1,,,0,,,0,,,2,,,,,,2,,,35,,,15,,,70000,,,2,,,2,,,,,,,,,2,,,,,,,,,3.5,,,2,,,6000,,,4,,,24000,,
717669,2010,,,1,,,0,,,0,,,1,,,,,,2,,,100,,,30,,,135000,,,1,,,2,,,,,,,,,2,,,,,,,,,7,,,2,,,8400,,,4,,,123000,,
717858,2014,,,1,,,0,,,0,,,1,,,,,,2,,,100,,,25,,,70000,,,2,,,2,,,,,,,,,2,,,,,,,,,4.5,,,2,,,1500,,,4,,,22719.917171,,
718600,2014,,,1,,,0,,,0,,,1,,,,,,2,,,30,,,10,,,70000,,,1,,,2,,,,,,,,,2,,,,,,,,,2.5,,,2,,,2000,,,1,,,19028.417426,,
720117,2006,,,1,,,0,,,0,,,2,,,,,,2,,,30,,,15,,,120000,,,1,,,2,,,,,,,,,2,,,,,,,,,2.5,,,2,,,9600,,,1,,,60000,,
720138,2012,,,1,,,0,,,0,,,2,,,,,,2,,,20,,,5,,,30000,,,,,,2,,,,,,,,,2,,,,,,5.7,,,,,,1,,,7800,,,1,,,27214.532707,,
720139,2001,,,1,,,0,,,0,,,1,,,,,,2,,,30,,,15,,,50000,,,,,,2,,,,,,,,,2,,,,,,6,,,,,,1,,,3000,,,3,,,5000,,
720634,2006,,,0,,,0,,,1,,,2,,,2,,,2,,,100,,,17,,,83000,,,,,,2,,,,,,,,,2,,,,,,5.5,,,,,,1,,,6700,,,3,,,50502.093052,,
721871,2000,2010,,1,1,,0,0,,0,0,,1,2,,,,,2,2,,60,60,,20,15,,40000,30000,,,,,2,2,,,,,,,,2,2,,,,,2,2,,,,,1,1,,3000,3000,,1,1,,15000,25000,
722141,2006,,,1,,,0,,,0,,,1,,,,,,2,,,100,,,30,,,132000,,,1,,,2,,,,,,,,,2,,,,,,,,,4.35,,,2,,,6000,,,3,,,90000,,
724042,1999,,,1,,,0,,,0,,,1,,,,,,2,,,80,,,15,,,110000,,,1,,,2,,,,,,,,,2,,,,,,5,,,3.75,,,2,,,12000,,,3,,,6000,,
724209,2012,,,1,,,0,,,0,,,1,,,,,,2,,,45,,,13,,,85000,,,,,,2,,,,,,,,,2,,,,,,8.7,,,,,,1,,,9628.3055665,,,1,,,70000,,
728160,2011,,,1,,,0,,,0,,,1,,,,,,2,,,25,,,30,,,160000,,,2,,,2,,,,,,,,,2,,,,,,,,,1.5,,,2,,,10000,,,2,,,135000,,
731660,2006,,,1,,,0,,,0,,,1,,,,,,2,,,50,,,15,,,85000,,,,,,2,,,,,,,,,2,,,,,,3.5,,,,,,1,,,6000,,,4,,,48000,,
732601,2008,,,1,,,0,,,0,,,1,,,,,,2,,,90,,,30,,,400000,,,,,,2,,,,,,,,,2,,,,,,5.24,,,,,,1,,,22200,,,1,,,280000,,
735621,1999,,,1,,,0,,,0,,,1,,,,,,1,,,30,,,15,,,55000,,,,,,2,,,,,,,,,2,,,,,,5.5,,,,,,1,,,2650,,,1,,,2650,,
735659,2011,,,1,,,0,,,0,,,2,,,,,,2,,,60,,,15,,,80000,,,2,,,2,,,,,,,,,2,,,,,,,,,3.5,,,2,,,5500,,,2,,,55000,,
737420,2002,,,1,,,0,,,0,,,1,,,,,,2,,,80,,,25,,,120000,,,,,,2,,,,,,,,,2,,,,,,2.9,,,,,,1,,,8600,,,3,,,90000,,
800003,2004,,,1,,,0,,,0,,,1,,,,,,2,,,70,,,20,,,100000,,,2,,,2,,,,,,,,,2,,,,,,,,,4,,,2,,,7200,,,4,,,40000,,
800010,2005,,,1,,,0,,,0,,,2,,,,,,2,,,100,,,35,,,155000,,,1,,,2,,,,,,,,,2,,,,,,,,,4,,,2,,,7400,,,4,,,120000,,
800183,2010,,,1,,,0,,,0,,,1,,,,,,2,,,100,,,25,,,100000,,,,,,2,,,,,,,,,2,,,,,,0,,,,,,1,,,6000,,,3,,,75000,,
801955,2008,,,1,,,0,,,0,,,2,,,,,,2,,,5,,,7,,,15000,,,1,,,2,,,,,,,,,2,,,,,,,,,6,,,2,,,3700,,,1,,,3500,,
801966,2005,,,0,,,0,,,1,,,1,,,2,,,2,,,4,,,25,,,110000,,,,,,2,,,,,,,,,2,,,,,,4,,,,,,1,,,9780,,,4,,,80000,,
804324,2013,,,0,,,0,,,1,,,2,,,2,,,2,,,100,,,5,,,15000,,,,,,2,,,,,,,,,2,,,,,,8,,,,,,1,,,2880,,,4,,,8600,,
804825,2009,,,1,,,0,,,0,,,1,,,,,,2,,,60,,,20,,,100000,,,,,,2,,,,,,,,,2,,,,,,4.15,,,,,,1,,,3120,,,1,,,35956.160348,,
804962,2003,2010,,1,0,,0,0,,0,1,,1,2,,,1,,2,2,,80,70,,20,8,,72000,11000,,2,,,2,2,,,,,,,,2,2,,,,,,3.8,,2.5,,,2,1,,4800,1440,,4,4,,44000,5700,
805524,1997,,,1,,,0,,,0,,,1,,,,,,1,,,100,,,25,,,85000,,,1,,,1,,,,,,,,,2,,,1,,,,,,3.5,,,2,,,4200,,,4,,,25000,,
805932,2003,,,1,,,0,,,0,,,1,,,,,,2,,,100,,,20,,,82000,,,1,,,2,,,1,,,3,,,1,,,,,,,,,3.9,,,2,,,6000,,,4,,,45000,,
805981,2013,,,0,,,0,,,1,,,2,,,1,,,2,,,20,,,4,,,25000,,,,,,2,,,,,,,,,2,,,,,,7,,,,,,1,,,5000,,,4,,,16000,,
806601,2007,,,1,,,0,,,0,,,1,,,,,,2,,,100,,,20,,,120000,,,,,,2,,,,,,,,,2,,,,,,3,,,,,,1,,,7200,,,4,,,50000,,
806983,2005,,,1,,,0,,,0,,,1,,,,,,2,,,100,,,55,,,160000,,,1,,,2,,,,,,,,,2,,,,,,,,,5,,,2,,,6840,,,4,,,123000,,
807146,2004,,,1,,,0,,,0,,,1,,,,,,2,,,27,,,15,,,75000,,,2,,,2,,,,,,,,,2,,,,,,,,,3,,,2,,,6120,,,4,,,25000,,
809488,2006,,,1,,,0,,,0,,,1,,,,,,2,,,100,,,25,,,150000,,,,,,2,,,,,,,,,2,,,,,,4,,,,,,1,,,7200,,,1,,,110000,,
811158,1998,,,1,,,0,,,0,,,1,,,,,,2,,,80,,,20,,,155000,,,2,,,2,,,,,,,,,2,,,,,,,,,3.6,,,2,,,9000,,,4,,,38400,,
811506,2000,,,1,,,0,,,0,,,1,,,,,,2,,,70,,,20,,,70000,,,,,,2,,,,,,,,,2,,,,,,3,,,,,,1,,,2000,,,1,,,12460.56591,,
812794,2007,,,1,,,0,,,0,,,1,,,,,,2,,,100,,,20,,,80000,,,,,,2,,,,,,,,,2,,,,,,6.2,,,,,,1,,,5400,,,4,,,50000,,
812889,2000,,,1,,,0,,,0,,,1,,,,,,2,,,70,,,20,,,120000,,,1,,,2,,,,,,,,,2,,,,,,,,,3,,,2,,,6000,,,1,,,45000,,
813298,2007,,,1,,,0,,,0,,,1,,,,,,2,,,50,,,20,,,50000,,,,,,2,,,,,,,,,2,,,,,,4.5,,,,,,1,,,4000,,,4,,,30000,,
813513,2009,,,1,,,0,,,0,,,1,,,,,,2,,,50,,,10,,,50000,,,2,,,2,,,,,,,,,2,,,,,,,,,7.5,,,2,,,8000,,,4,,,35000,,
815192,2000,,,0,,,0,,,1,,,1,,,1,,,2,,,80,,,20,,,100000,,,,,,2,,,,,,,,,2,,,,,,6.6,,,,,,1,,,9600,,,1,,,60000,,
817402,2001,,,1,,,0,,,0,,,1,,,,,,2,,,100,,,25,,,105000,,,,,,2,,,,,,,,,2,,,,,,5.2,,,,,,1,,,8000,,,3,,,74251.843202,,
817534,2001,,,1,,,0,,,0,,,1,,,,,,2,,,50,,,17,,,100000,,,,,,1,,,,,,,,,2,,,1,,,3.5,,,,,,1,,,1080,,,3,,,5000,,
817749,2010,,,1,,,0,,,0,,,2,,,,,,2,,,5,,,5,,,30000,,,1,,,2,,,,,,,,,2,,,,,,,,,6,,,2,,,7500,,,4,,,5000,,
817905,2007,,,1,,,0,,,0,,,1,,,,,,2,,,40,,,25,,,100000,,,1,,,2,,,,,,,,,2,,,,,,,,,7,,,2,,,7600,,,3,,,82000,,
818057,2008,,,1,,,0,,,0,,,1,,,,,,2,,,100,,,30,,,200000,,,,,,2,,,,,,,,,2,,,,,,6.5,,,,,,1,,,8500,,,3,,,125000,,
819010,2014,,,1,,,0,,,0,,,1,,,,,,2,,,30,,,10,,,50000,,,1,,,2,,,,,,,,,2,,,,,,,,,2.5,,,2,,,1000,,,1,,,9514.2087131,,
819453,2010,,,1,,,0,,,0,,,2,,,,,,2,,,20,,,10,,,45000,,,1,,,2,,,,,,,,,2,,,,,,,,,2.5,,,2,,,5160,,,1,,,23000,,
819517,2014,,,1,,,0,,,0,,,2,,,,,,2,,,100,,,27,,,160000,,,1,,,2,,,,,,,,,2,,,,,,,,,4.14,,,2,,,10600,,,1,,,150000,,
819575,2011,,,1,,,0,,,0,,,1,,,,,,2,,,80,,,30,,,250000,,,2,,,2,,,,,,,,,2,,,,,,,,,3,,,2,,,12600,,,2,,,230000,,
820966,2008,,,1,,,0,,,0,,,1,,,,,,2,,,35,,,15,,,70000,,,1,,,2,,,,,,,,,2,,,,,,,,,2.8,,,2,,,5400,,,4,,,40000,,
821841,2012,,,1,,,0,,,0,,,1,,,,,,1,,,80,,,15,,,70000,,,1,,,2,,,,,,,,,2,,,,,,,,,3.5,,,2,,,6192,,,1,,,49900,,
822191,2005,,,1,,,0,,,0,,,1,,,,,,2,,,60,,,15,,,100000,,,,,,2,,,,,,,,,2,,,,,,5,,,,,,1,,,500,,,4,,,2893.1866987,,
822266,2007,,,0,,,0,,,1,,,1,,,1,,,2,,,20,,,10,,,50000,,,2,,,2,,,,,,,,,2,,,,,,,,,4,,,2,,,4500,,,1,,,10000,,
822536,2003,,,1,,,0,,,0,,,1,,,,,,2,,,70,,,15,,,90000,,,,,,2,,,,,,,,,2,,,,,,4,,,,,,1,,,4800,,,1,,,18000,,
823327,2010,,,1,,,0,,,0,,,1,,,,,,2,,,80,,,25,,,120000,,,1,,,2,,,,,,,,,2,,,,,,,,,2.8,,,2,,,6348,,,3,,,101000,,
824808,2004,,,1,,,0,,,0,,,1,,,,,,2,,,60,,,18,,,100000,,,2,,,2,,,,,,,,,2,,,,,,,,,1.5,,,2,,,7000,,,4,,,53000,,
826118,2006,,,1,,,0,,,0,,,1,,,,,,2,,,100,,,25,,,100000,,,2,,,2,,,,,,,,,2,,,,,,,,,3,,,2,,,4800,,,4,,,75000,,
826456,2013,,,1,,,0,,,0,,,1,,,,,,2,,,50,,,30,,,90000,,,2,,,2,,,,,,,,,2,,,,,,,,,2.5,,,2,,,5000,,,1,,,90000,,
826744,2004,,,1,,,0,,,0,,,1,,,,,,2,,,100,,,25,,,208000,,,2,,,2,,,,,,,,,2,,,,,,,,,4,,,2,,,7200,,,4,,,97000,,
826892,2004,,,0,,,0,,,1,,,1,,,1,,,2,,,90,,,20,,,50000,,,,,,2,,,,,,,,,2,,,,,,5.5,,,,,,1,,,3500,,,4,,,25000,,
827188,2013,,,0,,,0,,,1,,,2,,,1,,,2,,,65,,,4,,,8000,,,,,,2,,,,,,,,,2,,,,,,6.8,,,,,,1,,,2400,,,1,,,6000,,
827369,2007,,,1,,,0,,,0,,,1,,,,,,2,,,100,,,30,,,100000,,,,,,2,,,,,,,,,2,,,,,,,,,4.5,,,3,,,4800,,,1,,,80000,,
851172,2010,,,1,,,0,,,0,,,1,,,,,,1,,,60,,,25,,,220000,,,1,,,2,,,,,,,,,2,,,,,,,,,3.5,,,2,,,12500,,,1,,,190000,,
851176,2009,2009,,0,0,,0,0,,1,1,,2,2,,1,1,,2,2,,100,20,,10,10,,50000,20000,,,,,2,2,,,,,,,,2,2,,,,,4.8,4,,,,,1,1,,7000,4000,,1,3,,35758.228752,13000,
851937,2006,,,1,,,0,,,0,,,2,,,,,,2,,,40,,,15,,,67000,,,2,,,2,,,,,,,,,2,,,,,,,,,2,,,2,,,6000,,,4,,,29600,,
851989,2006,,,1,,,0,,,0,,,1,,,,,,2,,,100,,,30,,,140000,,,2,,,1,,,,,,,,,2,,,1,,,,,,1.5,,,2,,,7250,,,1,,,127000,,
852070,2007,,,1,,,0,,,0,,,1,,,,,,2,,,80,,,15,,,75000,,,,,,2,,,,,,,,,2,,,,,,4.8,,,,,,1,,,7600,,,4,,,44000,,
852573,2000,,,1,,,0,,,0,,,1,,,,,,2,,,100,,,20,,,160000,,,1,,,2,,,,,,,,,2,,,,,,,,,5.8,,,2,,,4350,,,4,,,25000,,
852673,1999,,,1,,,0,,,0,,,1,,,,,,2,,,100,,,20,,,100000,,,1,,,2,,,,,,,,,2,,,,,,,,,5.2,,,2,,,7400,,,4,,,40000,,
853354,2007,,,1,,,0,,,0,,,1,,,,,,2,,,70,,,24,,,120000,,,,,,2,,,,,,,,,2,,,,,,3,,,,,,1,,,6000,,,4,,,80000,,
853765,2007,,,1,,,0,,,0,,,1,,,,,,2,,,90,,,30,,,96000,,,2,,,2,,,,,,,,,2,,,,,,,,,2.5,,,2,,,3900,,,1,,,83000,,
854081,2001,,,1,,,0,,,0,,,1,,,,,,2,,,50,,,25,,,100000,,,,,,2,,,,,,,,,2,,,,,,2.5,,,,,,1,,,6500,,,4,,,50000,,
854428,2008,,,1,,,0,,,0,,,1,,,,,,2,,,50,,,10,,,60000,,,2,,,1,,,,,,,,,2,,,1,,,,,,4.8,,,2,,,7000,,,4,,,25000,,
855135,2004,,,1,,,0,,,0,,,1,,,,,,2,,,50,,,19,,,70000,,,1,,,2,,,,,,,,,2,,,,,,,,,5.5,,,2,,,5880,,,4,,,45000,,
855238,2006,,,1,,,0,,,0,,,2,,,,,,2,,,50,,,15,,,100000,,,,,,2,,,,,,,,,2,,,,,,2.5,,,,,,1,,,8400,,,4,,,50000,,
855780,2009,,,1,,,0,,,0,,,1,,,,,,2,,,80,,,30,,,85000,,,,,,2,,,,,,,,,2,,,,,,4.5,,,,,,1,,,3960,,,1,,,75000,,
855839,2004,,,1,,,0,,,0,,,1,,,,,,2,,,95,,,25,,,170000,,,2,,,2,,,,,,,,,2,,,,,,,,,1.6,,,2,,,9250,,,4,,,116000,,
856583,2006,,,1,,,0,,,0,,,1,,,,,,2,,,90,,,20,,,60000,,,,,,2,,,,,,,,,2,,,,,,4.7,,,,,,1,,,5000,,,3,,,40000,,
856759,2004,,,1,,,0,,,0,,,1,,,,,,2,,,50,,,29,,,72000,,,2,,,2,,,,,,,,,2,,,,,,,,,6.5,,,2,,,3600,,,4,,,40000,,
856840,2005,,,1,,,0,,,0,,,1,,,,,,2,,,81,,,25,,,175000,,,2,,,2,,,,,,,,,2,,,,,,,,,2.57,,,2,,,8968,,,3,,,132014,,
857107,2012,,,1,,,0,,,0,,,1,,,,,,2,,,60,,,20,,,70000,,,2,,,2,,,,,,,,,2,,,,,,,,,4.05,,,2,,,5500,,,1,,,50000,,
857353,2004,,,1,,,0,,,0,,,2,,,,,,1,,,100,,,25,,,75000,,,1,,,2,,,,,,,,,2,,,,,,,,,3,,,2,,,5000,,,3,,,41000,,
858352,2012,,,1,,,0,,,0,,,1,,,,,,2,,,100,,,39,,,55000,,,2,,,2,,,,,,,,,2,,,,,,,,,3.75,,,2,,,2000,,,1,,,40000,,
859261,2001,,,1,,,0,,,0,,,1,,,,,,2,,,20,,,25,,,50000,,,,,,2,,,,,,,,,2,,,,,,4,,,,,,1,,,4600,,,4,,,40000,,
859592,2008,,,0,,,0,,,1,,,2,,,1,,,2,,,50,,,10,,,150000,,,,,,2,,,,,,,,,2,,,,,,7,,,,,,1,,,1400,,,2,,,5740.2764103,,
860127,2007,,,1,,,0,,,0,,,1,,,,,,2,,,55,,,25,,,150000,,,2,,,2,,,,,,,,,2,,,,,,,,,0.67,,,2,,,5700,,,1,,,120000,,
860167,2003,,,1,,,0,,,0,,,1,,,,,,2,,,70,,,20,,,108000,,,2,,,2,,,,,,,,,2,,,,,,,,,2.5,,,2,,,6000,,,1,,,65000,,
862264,2007,,,1,,,0,,,0,,,1,,,,,,2,,,30,,,20,,,50000,,,,,,2,,,,,,,,,2,,,,,,5.8,,,,,,1,,,4300,,,4,,,40468.086258,,
862303,2012,,,0,,,0,,,1,,,1,,,2,,,2,,,40,,,20,,,64000,,,,,,2,,,,,,,,,2,,,,,,6,,,,,,1,,,4080,,,4,,,52000,,
863087,2005,,,1,,,0,,,0,,,1,,,,,,2,,,90,,,15,,,22000,,,2,,,2,,,,,,,,,2,,,,,,,,,4,,,2,,,1920,,,3,,,10000,,
863191,2010,,,1,,,0,,,0,,,2,,,,,,2,,,75,,,10,,,75000,,,1,,,2,,,,,,,,,2,,,,,,,,,2.2,,,2,,,9600,,,1,,,45000,,
863291,2012,,,0,,,0,,,1,,,2,,,2,,,2,,,10,,,10,,,30000,,,2,,,2,,,,,,,,,2,,,,,,,,,0.25,,,2,,,3000,,,3,,,22500,,
863543,2013,,,0,,,0,,,1,,,1,,,1,,,2,,,100,,,30,,,150000,,,1,,,2,,,,,,,,,2,,,,,,,,,1,,,2,,,7200,,,1,,,135000,,
863867,2010,,,1,,,0,,,0,,,1,,,,,,2,,,85,,,30,,,120000,,,2,,,2,,,,,,,,,2,,,,,,,,,4,,,2,,,6000,,,1,,,115000,,
864000,2007,,,1,,,0,,,0,,,1,,,,,,2,,,60,,,30,,,60000,,,,,,2,,,,,,,,,2,,,,,,4,,,,,,1,,,4800,,,4,,,60000,,
864120,2010,,,1,,,0,,,0,,,2,,,,,,2,,,10,,,20,,,40000,,,,,,2,,,,,,,,,2,,,,,,4.5,,,,,,1,,,3600,,,1,,,42145.889164,,
864213,2000,,,1,,,0,,,0,,,1,,,,,,2,,,70,,,20,,,110000,,,,,,2,,,,,,,,,2,,,,,,4.9,,,,,,1,,,3800,,,4,,,28000,,
864457,2006,,,1,,,0,,,0,,,1,,,,,,2,,,80,,,26,,,150000,,,,,,2,,,,,,,,,2,,,,,,5,,,,,,1,,,7447.0509344,,,4,,,90000,,
864809,2000,,,0,,,0,,,1,,,2,,,1,,,2,,,100,,,20,,,60000,,,,,,2,,,,,,,,,2,,,,,,2,,,,,,1,,,4800,,,4,,,29000,,
866071,1997,,,1,,,0,,,0,,,1,,,,,,2,,,35,,,20,,,50000,,,2,,,2,,,,,,,,,2,,,,,,,,,0.7,,,2,,,4500,,,1,,,13000,,
866855,2000,,,1,,,0,,,0,,,1,,,,,,2,,,70,,,15,,,50000,,,,,,2,,,,,,,,,2,,,,,,4.8,,,,,,1,,,3250,,,2,,,2700,,
867205,2002,,,1,,,0,,,0,,,1,,,,,,2,,,100,,,15,,,70000,,,1,,,2,,,,,,,,,2,,,,,,,,,3,,,2,,,7200,,,4,,,26763.1085,,
867929,2005,,,1,,,0,,,0,,,1,,,,,,2,,,90,,,25,,,143000,,,1,,,2,,,,,,,,,2,,,,,,,,,4,,,2,,,8400,,,2,,,118000,,
868098,2006,,,1,,,0,,,0,,,1,,,,,,2,,,80,,,35,,,180000,,,1,,,2,,,,,,,,,2,,,,,,,,,2.6,,,2,,,5550,,,4,,,140000,,
868264,2004,,,1,,,0,,,0,,,1,,,,,,2,,,30,,,15,,,60000,,,,,,2,,,,,,,,,2,,,,,,4,,,,,,1,,,4700,,,1,,,21000,,
868406,2007,,,1,,,0,,,0,,,1,,,,,,2,,,100,,,25,,,140000,,,,,,1,,,,,,,,,2,,,1,,,2.5,,,,,,1,,,7200,,,3,,,120000,,
869003,2008,,,1,,,0,,,0,,,1,,,,,,2,,,50,,,40,,,90000,,,1,,,1,,,,,,,,,2,,,1,,,,,,4.5,,,2,,,4000,,,3,,,85000,,
869023,2010,,,1,,,0,,,0,,,1,,,,,,2,,,80,,,10,,,50000,,,,,,2,,,,,,,,,2,,,,,,4.4,,,,,,1,,,6300,,,4,,,30000,,
869043,2014,,,0,,,0,,,1,,,1,,,1,,,2,,,50,,,10,,,50000,,,,,,2,,,,,,,,,2,,,,,,4,,,,,,1,,,5000,,,1,,,45000,,
871103,2014,,,0,,,0,,,1,,,2,,,1,,,2,,,10,,,5,,,15000,,,,,,2,,,,,,,,,2,,,,,,6,,,,,,1,,,2600,,,3,,,15000,,
871385,2007,,,1,,,0,,,0,,,2,,,,,,2,,,100,,,15,,,60000,,,,,,2,,,,,,,,,2,,,,,,5.25,,,,,,1,,,6000,,,4,,,30000,,
872012,2009,,,1,,,0,,,0,,,1,,,,,,2,,,100,,,30,,,195000,,,2,,,2,,,,,,,,,2,,,,,,,,,1.9,,,2,,,15300,,,3,,,170000,,
872077,2013,,,1,,,0,,,0,,,1,,,,,,1,,,50,,,10,,,70000,,,2,,,2,,,,,,,,,2,,,,,,,,,5.8,,,2,,,8500,,,2,,,55000,,
872082,2005,,,1,,,0,,,0,,,1,,,,,,2,,,90,,,30,,,100000,,,,,,2,,,,,,,,,2,,,,,,9,,,,,,3,,,6000,,,3,,,75000,,
872125,2014,,,1,,,0,,,0,,,2,,,,,,2,,,10,,,10,,,20000,,,,,,2,,,,,,,,,2,,,,,,6,,,,,,1,,,2000,,,4,,,19000,,
872190,2014,,,1,,,0,,,0,,,1,,,,,,2,,,70,,,25,,,130000,,,1,,,2,,,,,,,,,2,,,,,,,,,3.1,,,2,,,8200,,,1,,,125000,,
872433,1998,,,1,,,0,,,0,,,1,,,,,,2,,,100,,,18,,,90000,,,1,,,2,,,,,,,,,2,,,,,,,,,2.75,,,2,,,6000,,,4,,,18000,,
872450,2004,,,1,,,0,,,0,,,1,,,,,,2,,,30,,,18,,,60000,,,,,,2,,,,,,,,,2,,,,,,2.75,,,,,,1,,,5000,,,4,,,40000,,
872572,2004,,,1,,,0,,,0,,,1,,,,,,2,,,80,,,20,,,100000,,,,,,2,,,1,,,2,,,1,,,,,,3,,,,,,1,,,6000,,,3,,,60000,,
872633,2010,,,0,,,0,,,1,,,1,,,1,,,2,,,30,,,25,,,100000,,,,,,2,,,1,,,2,,,1,,,,,,5,,,,,,1,,,5700,,,3,,,80000,,
873011,2003,,,1,,,0,,,0,,,1,,,,,,2,,,65,,,13,,,70000,,,,,,2,,,,,,,,,2,,,,,,3.8,,,,,,1,,,6000,,,1,,,19000,,
873042,2013,,,1,,,0,,,0,,,1,,,,,,2,,,40,,,5,,,30000,,,,,,2,,,,,,,,,2,,,,,,4.5,,,,,,1,,,6000,,,1,,,22000,,
873158,2010,,,0,,,0,,,1,,,1,,,1,,,2,,,100,,,25,,,110000,,,,,,2,,,,,,,,,2,,,,,,5,,,,,,1,,,2500,,,4,,,32907.506446,,
873401,1999,,,0,,,0,,,1,,,1,,,1,,,2,,,40,,,20,,,80000,,,,,,2,,,,,,,,,2,,,,,,3.2,,,,,,1,,,4000,,,4,,,20000,,
873809,2006,,,1,,,0,,,0,,,1,,,,,,2,,,40,,,25,,,150000,,,2,,,2,,,,,,,,,2,,,,,,,,,0.7,,,2,,,5500,,,1,,,120000,,
874027,2007,,,1,,,0,,,0,,,1,,,,,,2,,,100,,,30,,,170000,,,1,,,2,,,,,,,,,2,,,,,,,,,3.5,,,2,,,8400,,,4,,,150000,,
874032,2006,,,1,,,0,,,0,,,1,,,,,,2,,,60,,,30,,,100000,,,1,,,2,,,2,,,2,,,1,,,,,,,,,3,,,2,,,6000,,,1,,,85000,,
874074,2004,,,1,,,0,,,0,,,1,,,,,,2,,,100,,,35,,,140000,,,,,,2,,,,,,,,,2,,,,,,2.5,,,,,,1,,,6000,,,3,,,100000,,
874116,2007,,,1,,,0,,,0,,,1,,,,,,2,,,80,,,20,,,90000,,,,,,2,,,,,,,,,2,,,,,,5.18,,,,,,1,,,8000,,,1,,,75000,,
874347,2001,,,1,,,0,,,0,,,1,,,,,,2,,,50,,,25,,,45000,,,,,,2,,,,,,,,,2,,,,,,4.1,,,,,,3,,,3000,,,4,,,30000,,
874359,2011,,,1,,,0,,,0,,,1,,,,,,2,,,60,,,25,,,100000,,,2,,,2,,,,,,,,,2,,,,,,,,,3,,,2,,,5000,,,3,,,100000,,
874375,2011,,,1,,,0,,,0,,,1,,,,,,2,,,50,,,10,,,100000,,,1,,,2,,,,,,,,,2,,,,,,,,,3,,,2,,,12300,,,4,,,60000,,
874517,2008,,,1,,,0,,,0,,,1,,,,,,1,,,50,,,10,,,80000,,,,,,2,,,,,,,,,2,,,,,,4.5,,,,,,1,,,10000,,,1,,,40000,,
874532,2007,,,1,,,0,,,0,,,1,,,,,,2,,,60,,,15,,,150000,,,,,,2,,,,,,,,,2,,,,,,5.5,,,,,,1,,,9200,,,4,,,70000,,
874556,2005,,,1,,,0,,,0,,,1,,,,,,2,,,100,,,30,,,95000,,,2,,,2,,,1,,,2,,,1,,,,,,,,,4.45,,,2,,,1200,,,4,,,16618.791538,,
874705,2004,,,1,,,0,,,0,,,1,,,,,,2,,,50,,,15,,,77000,,,,,,2,,,,,,,,,2,,,,,,6,,,,,,1,,,7200,,,1,,,45000,,
874756,2003,,,1,,,0,,,0,,,1,,,,,,2,,,100,,,15,,,43000,,,,,,2,,,,,,,,,2,,,,,,6,,,,,,1,,,4000,,,4,,,14000,,
875095,2005,,,1,,,0,,,0,,,1,,,,,,2,,,65,,,15,,,95000,,,,,,2,,,,,,,,,2,,,,,,6.5,,,,,,1,,,6350,,,1,,,27000,,
875096,2001,,,1,,,0,,,0,,,1,,,,,,2,,,70,,,15,,,90000,,,,,,2,,,,,,,,,2,,,,,,4.8,,,,,,1,,,6000,,,1,,,12000,,
875139,2004,,,1,,,0,,,0,,,1,,,,,,2,,,90,,,25,,,100000,,,2,,,2,,,,,,,,,2,,,,,,,,,0,,,2,,,5000,,,4,,,72000,,
875214,2005,,,1,,,0,,,0,,,1,,,,,,2,,,80,,,25,,,100000,,,1,,,2,,,,,,,,,2,,,,,,,,,4,,,2,,,6500,,,4,,,55000,,
875306,2013,,,0,,,0,,,1,,,2,,,1,,,2,,,20,,,10,,,25000,,,,,,2,,,,,,,,,2,,,,,,7.3,,,,,,1,,,4300,,,4,,,20000,,
875426,2012,,,1,,,0,,,0,,,1,,,,,,2,,,35,,,15,,,100000,,,,,,2,,,,,,,,,2,,,,,,1,,,,,,1,,,7200,,,3,,,90000,,
875439,2014,,,1,,,0,,,0,,,1,,,,,,1,,,100,,,25,,,100000,,,,,,1,,,2,,,2,,,1,,,1,,,1.5,,,,,,1,,,700,,,4,,,14979.042206,,
875542,2002,,,1,,,0,,,0,,,2,,,,,,2,,,50,,,25,,,95000,,,2,,,2,,,,,,,,,2,,,,,,,,,4.2,,,2,,,6000,,,4,,,60000,,
875711,2010,,,1,,,0,,,0,,,1,,,,,,2,,,80,,,15,,,40000,,,,,,2,,,,,,,,,2,,,,,,2.8,,,,,,1,,,3960,,,1,,,35000,,
875817,2005,,,1,,,0,,,0,,,1,,,,,,2,,,80,,,20,,,80000,,,,,,2,,,,,,,,,2,,,,,,3.5,,,,,,1,,,5000,,,1,,,60000,,
875851,2003,,,1,,,0,,,0,,,1,,,,,,2,,,100,,,20,,,70000,,,2,,,2,,,2,,,1,,,1,,,,,,,,,2.5,,,2,,,6000,,,4,,,40000,,
876007,1994,,,1,,,0,,,0,,,1,,,,,,2,,,80,,,46,,,140000,,,,,,2,,,,,,,,,2,,,,,,5,,,,,,1,,,8400,,,4,,,124000,,
876069,2006,,,1,,,0,,,0,,,1,,,,,,2,,,100,,,30,,,130000,,,2,,,2,,,2,,,2,,,1,,,,,,,,,2.3,,,2,,,6000,,,2,,,110000,,
876086,2006,,,1,,,0,,,0,,,1,,,,,,2,,,100,,,30,,,240000,,,2,,,2,,,,,,,,,2,,,,,,,,,4,,,2,,,11000,,,1,,,200000,,
876097,2006,,,1,,,0,,,0,,,1,,,,,,2,,,100,,,17,,,210000,,,1,,,2,,,1,,,3,,,1,,,,,,,,,6,,,2,,,15000,,,3,,,99000,,
876202,2006,,,1,,,0,,,0,,,1,,,,,,2,,,90,,,42,,,150000,,,2,,,2,,,,,,,,,2,,,,,,,,,3.5,,,2,,,6000,,,4,,,120000,,
876298,2008,,,0,,,0,,,1,,,1,,,1,,,2,,,100,,,20,,,66000,,,,,,2,,,2,,,2,,,1,,,,,,5,,,,,,1,,,1000,,,1,,,10000,,
876314,2011,,,1,,,1,,,0,,,2,,,,,,2,,,100,,,10,,,80000,,,1,,,2,,,,,,,,,2,,,,,,,,,2.5,,,2,,,10200,,,4,,,60000,,
876694,2008,,,1,,,0,,,0,,,1,,,,,,2,,,45,,,20,,,80000,,,1,,,2,,,,,,,,,2,,,,,,,,,4.5,,,2,,,6000,,,3,,,65000,,
876786,1996,,,1,,,0,,,0,,,1,,,,,,2,,,80,,,20,,,90000,,,,,,2,,,,,,,,,2,,,,,,2.5,,,,,,1,,,9600,,,1,,,27417.826207,,
876799,2005,,,1,,,0,,,0,,,2,,,,,,2,,,30,,,10,,,60000,,,1,,,2,,,,,,,,,2,,,,,,,,,3,,,2,,,7200,,,1,,,5000,,
876806,2011,,,1,,,0,,,0,,,2,,,,,,2,,,30,,,25,,,50000,,,,,,2,,,,,,,,,2,,,,,,2,,,,,,1,,,2500,,,1,,,42000,,
877138,1999,2010,,1,0,,0,0,,0,1,,1,2,,,2,,2,2,,60,70,,20,10,,100000,28000,,2,,,2,2,,,,,,,,2,2,,,,,,3.5,,2,,,2,1,,7390,3480,,2,1,,43000,20000,
877240,2009,,,1,,,0,,,0,,,1,,,,,,2,,,25,,,10,,,50000,,,,,,2,,,,,,,,,2,,,,,,4.9,,,,,,1,,,6324,,,3,,,24000,,
877241,2010,2013,,1,1,,0,0,,0,0,,1,2,,,,,1,2,,80,90,,20,15,,220000,115000,,2,2,,2,2,,,,,,,,2,2,,,,,,,,1.35,5.5,,2,2,,12200,9000,,1,3,,172090,112000,
877307,2010,,,1,,,0,,,0,,,1,,,,,,2,,,30,,,10,,,100000,,,2,,,2,,,,,,,,,2,,,,,,,,,2.75,,,2,,,11000,,,1,,,65000,,
877407,2013,,,0,,,0,,,1,,,2,,,1,,,1,,,10,,,4,,,5000,,,,,,2,,,,,,,,,2,,,,,,17,,,,,,1,,,1980,,,3,,,3400,,
877621,2005,,,1,,,0,,,0,,,1,,,,,,2,,,100,,,20,,,140000,,,,,,2,,,,,,,,,2,,,,,,4.2,,,,,,1,,,10000,,,1,,,81000,,
877713,2005,,,1,,,0,,,0,,,1,,,,,,2,,,60,,,20,,,60000,,,,,,2,,,,,,,,,2,,,,,,0.6,,,,,,1,,,5560,,,4,,,40000,,
877948,2009,,,1,,,0,,,0,,,2,,,,,,1,,,95,,,26,,,125000,,,,,,2,,,,,,,,,2,,,,,,2.05,,,,,,1,,,6000,,,4,,,107000,,
878103,2008,,,1,,,0,,,0,,,1,,,,,,2,,,100,,,30,,,135000,,,,,,2,,,2,,,2,,,1,,,,,,6,,,,,,1,,,9600,,,4,,,100000,,
878173,2005,,,1,,,0,,,0,,,1,,,,,,2,,,70,,,20,,,80000,,,2,,,2,,,,,,,,,2,,,,,,,,,3,,,2,,,7000,,,1,,,50000,,
878201,2006,,,1,,,0,,,0,,,1,,,,,,2,,,75,,,20,,,100000,,,2,,,2,,,,,,,,,2,,,,,,,,,3,,,2,,,7500,,,1,,,80000,,
878293,2011,,,1,,,0,,,0,,,1,,,,,,1,,,70,,,25,,,250000,,,2,,,2,,,,,,,,,2,,,,,,,,,5,,,2,,,14400,,,2,,,200000,,
878305,2010,,,1,,,0,,,0,,,1,,,,,,2,,,70,,,30,,,100000,,,2,,,2,,,,,,,,,2,,,,,,,,,2.9,,,2,,,7200,,,1,,,85000,,
878307,2003,,,1,,,0,,,0,,,1,,,,,,2,,,30,,,25,,,100000,,,,,,2,,,,,,,,,2,,,,,,2,,,,,,1,,,7200,,,4,,,90800,,
878398,2001,,,1,,,0,,,0,,,2,,,,,,2,,,40,,,15,,,35000,,,,,,2,,,,,,,,,2,,,,,,0,,,,,,1,,,3600,,,4,,,10800,,
878475,2010,,,1,,,0,,,0,,,1,,,,,,2,,,80,,,15,,,118000,,,1,,,2,,,,,,,,,2,,,,,,,,,7.5,,,2,,,6360,,,4,,,49196.369826,,
878503,2010,,,1,,,0,,,0,,,1,,,,,,2,,,70,,,25,,,120000,,,1,,,2,,,,,,,,,2,,,,,,,,,3,,,2,,,5000,,,4,,,95000,,
878513,1999,,,1,,,0,,,0,,,1,,,,,,2,,,50,,,15,,,50000,,,1,,,2,,,,,,,,,2,,,,,,,,,4,,,2,,,4800,,,4,,,4800,,
878518,2010,,,1,,,0,,,0,,,1,,,,,,2,,,50,,,20,,,140000,,,,,,2,,,,,,,,,2,,,,,,3,,,,,,1,,,9000,,,1,,,107000,,
878751,2006,,,1,,,0,,,0,,,1,,,,,,2,,,70,,,30,,,100000,,,1,,,2,,,,,,,,,2,,,,,,,,,3.5,,,2,,,7200,,,4,,,70000,,
878831,2005,,,1,,,0,,,0,,,1,,,,,,2,,,50,,,20,,,120000,,,2,,,2,,,,,,,,,2,,,,,,,,,1.5,,,2,,,7500,,,2,,,90000,,
878838,2005,,,1,,,0,,,0,,,1,,,,,,2,,,90,,,39,,,120000,,,2,,,2,,,,,,,,,2,,,,,,,,,4,,,2,,,5100,,,1,,,90000,,
878956,2008,,,1,,,0,,,0,,,1,,,,,,1,,,25,,,30,,,170000,,,,,,1,,,,,,,,,2,,,1,,,5.5,,,,,,1,,,7000,,,3,,,100000,,
879152,2004,,,1,,,0,,,0,,,1,,,,,,2,,,50,,,20,,,90000,,,1,,,2,,,,,,,,,2,,,,,,,,,3,,,2,,,6000,,,1,,,60000,,
879257,2007,,,1,,,0,,,0,,,1,,,,,,2,,,80,,,30,,,135000,,,1,,,1,,,,,,,,,2,,,3,,,,,,3,,,2,,,6000,,,1,,,100000,,
879319,2013,,,1,,,0,,,0,,,1,,,,,,2,,,90,,,35,,,199000,,,1,,,2,,,,,,,,,2,,,,,,,,,2.7,,,2,,,8500,,,1,,,190000,,
879430,1997,,,1,,,0,,,0,,,1,,,,,,2,,,95,,,23,,,60000,,,1,,,1,,,,,,,,,2,,,1,,,,,,5,,,2,,,2200,,,4,,,12000,,
879441,2006,,,1,,,0,,,0,,,1,,,,,,2,,,100,,,30,,,140000,,,1,,,2,,,1,,,2,,,1,,,,,,,,,4.9,,,2,,,6600,,,4,,,110000,,
879449,1994,,,1,,,0,,,0,,,1,,,,,,2,,,100,,,20,,,80000,,,1,,,1,,,,,,,,,2,,,3,,,,,,2.5,,,2,,,5800,,,4,,,31000,,
879452,2006,,,1,,,0,,,0,,,1,,,,,,2,,,90,,,30,,,79000,,,1,,,2,,,1,,,2,,,1,,,,,,,,,1.5,,,2,,,3600,,,1,,,50000,,
879458,2007,,,1,,,0,,,0,,,1,,,,,,2,,,100,,,25,,,110000,,,,,,2,,,,,,,,,2,,,,,,5.5,,,,,,1,,,7000,,,3,,,70000,,
879484,2005,,,1,,,0,,,0,,,1,,,,,,2,,,40,,,10,,,100000,,,,,,2,,,,,,,,,2,,,,,,4.03,,,,,,1,,,12000,,,3,,,10000,,
879638,2008,,,1,,,0,,,0,,,1,,,,,,2,,,80,,,25,,,400000,,,,,,2,,,,,,,,,2,,,,,,5.47,,,,,,1,,,32800,,,1,,,311289,,
879676,2001,,,1,,,0,,,0,,,1,,,,,,2,,,90,,,20,,,100000,,,1,,,2,,,,,,,,,2,,,,,,,,,4,,,2,,,7200,,,4,,,50000,,
879710,2014,,,1,,,0,,,0,,,1,,,,,,2,,,80,,,25,,,92000,,,1,,,2,,,,,,,,,2,,,,,,,,,2,,,2,,,1250,,,1,,,25151.294698,,
879725,2006,,,1,,,0,,,0,,,1,,,,,,2,,,40,,,17,,,100000,,,2,,,2,,,,,,,,,2,,,,,,,,,4,,,2,,,7500,,,4,,,60000,,
879844,2008,,,1,,,0,,,0,,,2,,,,,,1,,,100,,,20,,,150000,,,,,,2,,,,,,,,,2,,,,,,5,,,,,,1,,,12000,,,3,,,149000,,
879943,2013,,,1,,,0,,,0,,,3,,,,,,2,,,40,,,15,,,125000,,,1,,,1,,,,,,,,,2,,,3,,,,,,3.75,,,2,,,11000,,,1,,,115000,,
880003,2011,,,1,,,0,,,0,,,1,,,,,,2,,,50,,,15,,,120000,,,2,,,2,,,,,,,,,2,,,,,,,,,4,,,2,,,9000,,,4,,,100000,,
880033,2005,,,1,,,0,,,0,,,1,,,,,,2,,,80,,,20,,,90000,,,1,,,2,,,,,,,,,2,,,,,,,,,2.5,,,2,,,5400,,,3,,,58000,,
880040,2011,,,1,,,0,,,0,,,1,,,,,,2,,,70,,,30,,,120000,,,,,,2,,,,,,,,,2,,,,,,5,,,,,,1,,,7800,,,3,,,110000,,
880042,2006,,,1,,,0,,,0,,,1,,,,,,2,,,100,,,20,,,110000,,,1,,,2,,,,,,,,,2,,,,,,,,,2.2,,,2,,,7900,,,3,,,66000,,
880066,2003,,,1,,,0,,,0,,,1,,,,,,2,,,70,,,15,,,150000,,,2,,,2,,,,,,,,,2,,,,,,,,,5,,,2,,,10500,,,1,,,50000,,
880072,2001,,,1,,,0,,,0,,,1,,,,,,1,,,70,,,15,,,150000,,,1,,,2,,,,,,,,,2,,,,,,,,,3.5,,,2,,,10000,,,1,,,25000,,
880103,2009,,,1,,,0,,,0,,,1,,,,,,2,,,90,,,19,,,60000,,,2,,,1,,,,,,,,,2,,,1,,,,,,2.9,,,2,,,4800,,,1,,,42000,,
880693,2004,,,1,,,0,,,0,,,1,,,,,,2,,,20,,,20,,,45000,,,2,,,2,,,,,,,,,2,,,,,,,,,5,,,2,,,3000,,,4,,,30000,,
880912,2006,,,1,,,0,,,0,,,1,,,,,,1,,,50,,,20,,,240000,,,2,,,2,,,,,,,,,2,,,,,,,,,0.8,,,2,,,13000,,,2,,,140000,,
881022,2006,,,1,,,0,,,0,,,1,,,,,,2,,,80,,,20,,,120000,,,,,,2,,,,,,,,,2,,,,,,3.5,,,,,,1,,,6280,,,3,,,61000,,
881263,2012,,,1,,,0,,,0,,,2,,,,,,2,,,60,,,30,,,90000,,,1,,,2,,,,,,,,,2,,,,,,,,,4,,,2,,,7200,,,1,,,80000,,
881293,2008,,,1,,,0,,,0,,,2,,,,,,2,,,100,,,10,,,30000,,,2,,,2,,,,,,,,,2,,,,,,,,,3.5,,,2,,,3000,,,1,,,15000,,
881448,2001,,,1,,,0,,,0,,,1,,,,,,2,,,75,,,25,,,57000,,,1,,,2,,,,,,,,,2,,,,,,,,,4,,,2,,,3600,,,4,,,32000,,
881475,2003,,,1,,,0,,,0,,,2,,,,,,2,,,30,,,20,,,40000,,,1,,,2,,,,,,,,,2,,,,,,,,,6,,,2,,,3500,,,4,,,20000,,
881611,2010,,,0,,,1,,,0,,,1,,,,,,2,,,60,,,20,,,180000,,,,,,2,,,,,,,,,2,,,,,,4,,,,,,1,,,630,,,1,,,7664.3713778,,
881680,2008,,,1,,,0,,,0,,,1,,,,,,2,,,85,,,20,,,120000,,,,,,2,,,,,,,,,2,,,,,,,,,4.35,,,3,,,8600,,,2,,,98000,,
881847,2004,,,1,,,0,,,0,,,1,,,,,,2,,,100,,,30,,,150000,,,2,,,2,,,,,,,,,2,,,,,,,,,2,,,2,,,7000,,,4,,,100000,,
881937,2007,,,0,,,0,,,1,,,1,,,1,,,2,,,65,,,15,,,80000,,,,,,2,,,,,,,,,2,,,,,,6,,,,,,1,,,9600,,,1,,,45000,,
882019,2010,,,1,,,0,,,0,,,1,,,,,,2,,,100,,,25,,,165000,,,,,,2,,,,,,,,,2,,,,,,2.5,,,,,,1,,,7000,,,3,,,140000,,
882067,2010,,,1,,,0,,,0,,,2,,,,,,2,,,50,,,20,,,100000,,,1,,,2,,,,,,,,,2,,,,,,,,,5,,,2,,,8700,,,4,,,100000,,
882143,1998,,,1,,,0,,,0,,,1,,,,,,2,,,80,,,30,,,150000,,,1,,,1,,,1,,,2,,,1,,,1,,,,,,5.5,,,2,,,8000,,,4,,,100000,,
882179,2011,,,1,,,0,,,0,,,1,,,,,,2,,,100,,,25,,,170000,,,2,,,2,,,,,,,,,2,,,,,,,,,4,,,2,,,10000,,,4,,,150000,,
882367,2012,,,1,,,0,,,0,,,1,,,,,,2,,,70,,,30,,,200000,,,1,,,2,,,,,,,,,2,,,,,,,,,3.4,,,2,,,11000,,,4,,,190000,,
882497,2007,,,1,,,0,,,0,,,1,,,,,,2,,,40,,,10,,,40000,,,,,,2,,,,,,,,,2,,,,,,9,,,,,,1,,,7000,,,3,,,25000,,
882675,2007,,,1,,,0,,,0,,,2,,,,,,2,,,100,,,20,,,120000,,,2,,,2,,,,,,,,,2,,,,,,,,,3.5,,,2,,,6000,,,4,,,80000,,
882927,2004,,,1,,,0,,,0,,,1,,,,,,2,,,70,,,20,,,80000,,,,,,2,,,,,,,,,2,,,,,,3,,,,,,1,,,5400,,,1,,,45000,,
882939,2001,,,1,,,0,,,0,,,1,,,,,,2,,,30,,,15,,,35000,,,,,,2,,,,,,,,,2,,,,,,5,,,,,,1,,,3600,,,1,,,10000,,
883110,2009,,,1,,,0,,,0,,,1,,,,,,2,,,80,,,25,,,140000,,,2,,,2,,,,,,,,,2,,,,,,,,,0.6,,,2,,,7200,,,4,,,120000,,
883198,2010,,,1,,,0,,,0,,,1,,,,,,2,,,100,,,30,,,215000,,,2,,,2,,,,,,,,,2,,,,,,,,,3,,,2,,,8400,,,1,,,185000,,
883244,2013,2013,,1,1,,0,0,,0,0,,2,2,,,,,1,1,,60,60,,15,10,,60000,50000,,2,2,,2,2,,,,,,,,2,2,,,,,,,,7,7,,2,2,,6000,6000,,4,4,,55000,50000,
883356,2005,,,1,,,0,,,0,,,1,,,,,,2,,,60,,,15,,,65000,,,,,,2,,,1,,,2,,,1,,,,,,5.5,,,,,,1,,,6500,,,4,,,32000,,
883500,2005,,,1,,,0,,,0,,,1,,,,,,1,,,80,,,30,,,55000,,,2,,,2,,,,,,,,,2,,,,,,,,,6,,,2,,,6000,,,4,,,72249.490309,,
883912,2011,,,1,,,0,,,0,,,1,,,,,,2,,,80,,,25,,,120000,,,2,,,2,,,,,,,,,2,,,,,,,,,3,,,2,,,5590,,,1,,,113132,,
883993,2000,,,1,,,0,,,0,,,1,,,,,,2,,,80,,,30,,,60000,,,,,,2,,,,,,,,,2,,,,,,1.5,,,,,,1,,,3000,,,1,,,34000,,
884097,2009,,,1,,,0,,,0,,,1,,,,,,2,,,90,,,30,,,171000,,,,,,2,,,,,,,,,2,,,,,,4.15,,,,,,1,,,10000,,,1,,,154000,,
884122,2006,,,1,,,0,,,0,,,2,,,,,,2,,,30,,,10,,,35000,,,2,,,2,,,,,,,,,2,,,,,,,,,3.75,,,2,,,4300,,,2,,,7000,,
884205,2011,,,1,,,0,,,0,,,1,,,,,,2,,,30,,,20,,,75000,,,,,,2,,,,,,,,,2,,,,,,4,,,,,,1,,,5280,,,4,,,50000,,
884232,2010,,,1,,,0,,,0,,,2,,,,,,1,,,50,,,25,,,105000,,,2,,,2,,,,,,,,,2,,,,,,,,,1,,,2,,,4500,,,4,,,100000,,
884247,2010,,,1,,,0,,,0,,,2,,,,,,2,,,100,,,10,,,16000,,,,,,2,,,,,,,,,2,,,,,,5,,,,,,1,,,3000,,,4,,,10000,,
884538,2003,,,1,,,0,,,0,,,2,,,,,,2,,,100,,,20,,,70000,,,,,,2,,,,,,,,,2,,,,,,7,,,,,,1,,,6000,,,1,,,30000,,
884802,2007,,,1,,,0,,,0,,,1,,,,,,2,,,90,,,25,,,140000,,,1,,,2,,,,,,,,,2,,,,,,,,,4,,,2,,,8400,,,3,,,84000,,
885045,2007,,,1,,,0,,,0,,,1,,,,,,2,,,65,,,20,,,100000,,,,,,2,,,,,,,,,2,,,,,,5,,,,,,1,,,7200,,,1,,,60000,,
885353,2002,,,1,,,0,,,0,,,1,,,,,,2,,,33,,,15,,,25000,,,,,,2,,,,,,,,,2,,,,,,3,,,,,,1,,,2400,,,3,,,7200,,
885364,2007,,,1,,,0,,,0,,,1,,,,,,1,,,70,,,25,,,210000,,,,,,2,,,,,,,,,2,,,,,,0.5,,,,,,1,,,14400,,,1,,,190000,,
885504,1998,2010,2013,1,1,0,0,0,0,0,0,1,1,2,2,,,1,1,2,2,70,10,1,25,5,3,165000,18000,4000,2,,,2,2,2,,,,,,,2,2,2,,,,,4,3,4,,,2,1,1,16000,3800,1600,4,4,4,130000,12000,4525.7781678
885516,2009,,,1,,,0,,,0,,,1,,,,,,2,,,25,,,25,,,85000,,,,,,2,,,,,,,,,2,,,,,,4,,,,,,1,,,6000,,,1,,,75000,,
885551,2013,,,1,,,0,,,0,,,1,,,,,,2,,,55,,,19,,,70000,,,1,,,2,,,,,,,,,2,,,,,,,,,2,,,2,,,4555,,,1,,,70000,,
885672,2005,,,1,,,0,,,0,,,1,,,,,,2,,,30,,,10,,,90000,,,,,,2,,,,,,,,,2,,,,,,4.2,,,,,,1,,,12000,,,1,,,8135,,
885835,2003,,,1,,,0,,,0,,,1,,,,,,2,,,50,,,30,,,90000,,,,,,2,,,,,,,,,2,,,,,,4.5,,,,,,1,,,6000,,,4,,,80000,,
885868,2008,,,1,,,0,,,0,,,1,,,,,,2,,,50,,,30,,,300000,,,2,,,2,,,,,,,,,2,,,,,,,,,0.6,,,2,,,12000,,,2,,,245000,,
885887,2005,,,1,,,0,,,0,,,2,,,,,,2,,,20,,,20,,,120000,,,,,,2,,,,,,,,,2,,,,,,2.5,,,,,,1,,,7200,,,4,,,70000,,
885956,2003,,,1,,,0,,,0,,,1,,,,,,2,,,100,,,20,,,60000,,,1,,,2,,,,,,,,,2,,,,,,,,,3,,,2,,,4500,,,4,,,30000,,
886226,2004,,,1,,,0,,,0,,,1,,,,,,2,,,100,,,27,,,140000,,,2,,,2,,,,,,,,,2,,,,,,,,,6.5,,,2,,,11310.84402,,,3,,,118000,,
886347,2008,,,1,,,0,,,0,,,1,,,,,,2,,,40,,,20,,,120000,,,,,,2,,,,,,,,,2,,,,,,4.5,,,,,,1,,,3600,,,4,,,38662.364615,,
886606,2008,,,1,,,0,,,0,,,1,,,,,,2,,,30,,,20,,,140000,,,,,,2,,,,,,,,,2,,,,,,2.8,,,,,,1,,,9000,,,4,,,110000,,
886797,2007,,,0,,,0,,,1,,,1,,,1,,,2,,,30,,,10,,,50000,,,,,,2,,,,,,,,,2,,,,,,5,,,,,,1,,,6000,,,4,,,21275.703025,,
886884,2011,,,1,,,0,,,0,,,1,,,,,,2,,,70,,,15,,,135000,,,,,,2,,,,,,,,,2,,,,,,4.75,,,,,,1,,,13200,,,1,,,100000,,
886914,2000,,,1,,,0,,,0,,,1,,,,,,2,,,100,,,15,,,80000,,,2,,,2,,,,,,,,,2,,,,,,,,,2,,,2,,,7850,,,1,,,3600,,
886976,2008,,,0,,,0,,,1,,,1,,,1,,,2,,,80,,,20,,,120000,,,2,,,2,,,,,,,,,2,,,,,,,,,4,,,2,,,7200,,,2,,,60000,,
887519,2009,,,1,,,0,,,0,,,1,,,,,,2,,,60,,,32,,,200000,,,,,,2,,,,,,,,,2,,,,,,4,,,,,,1,,,10800,,,4,,,180000,,
887684,2010,,,0,,,1,,,0,,,1,,,,,,2,,,100,,,30,,,110000,,,,,,2,,,,,,,,,2,,,,,,3.73,,,,,,1,,,5760,,,1,,,95000,,
887701,2004,,,1,,,0,,,0,,,1,,,,,,2,,,100,,,20,,,125000,,,2,,,2,,,2,,,2,,,1,,,,,,,,,5,,,2,,,1000,,,4,,,8306.4142183,,
887711,2006,,,1,,,0,,,0,,,1,,,,,,2,,,100,,,30,,,85000,,,2,,,2,,,2,,,2,,,1,,,,,,,,,3,,,2,,,3000,,,4,,,60000,,
887722,2006,,,1,,,0,,,0,,,1,,,,,,2,,,100,,,20,,,180000,,,1,,,2,,,,,,,,,2,,,,,,,,,3,,,2,,,5600,,,4,,,70000,,
887755,2011,,,1,,,0,,,0,,,1,,,,,,2,,,60,,,15,,,50000,,,,,,2,,,,,,,,,2,,,,,,4.3,,,,,,1,,,5000,,,3,,,40000,,
887801,2007,,,1,,,0,,,0,,,2,,,,,,2,,,100,,,10,,,50000,,,,,,2,,,,,,,,,2,,,,,,4.5,,,,,,1,,,7200,,,4,,,25830.185025,,
887863,2010,,,1,,,0,,,0,,,1,,,,,,2,,,80,,,42,,,175000,,,1,,,2,,,,,,,,,2,,,,,,,,,4,,,2,,,7700,,,1,,,150000,,
888112,2014,,,1,,,0,,,0,,,1,,,,,,2,,,50,,,10,,,60000,,,,,,2,,,,,,,,,2,,,,,,3,,,,,,1,,,4900,,,3,,,55000,,
888515,2007,,,1,,,0,,,0,,,1,,,,,,2,,,80,,,30,,,60000,,,,,,2,,,,,,,,,2,,,,,,2.5,,,,,,1,,,3600,,,3,,,45000,,
888517,2011,,,1,,,0,,,0,,,2,,,,,,2,,,40,,,15,,,30000,,,2,,,2,,,,,,,,,2,,,,,,,,,2.5,,,2,,,2350,,,4,,,23500,,
888848,2011,,,1,,,0,,,0,,,1,,,,,,2,,,80,,,20,,,120000,,,1,,,2,,,,,,,,,2,,,,,,,,,7,,,2,,,8500,,,4,,,100000,,
889169,1983,,,1,,,0,,,0,,,1,,,,,,2,,,100,,,31,,,130000,,,,,,2,,,,,,,,,2,,,,,,1.5,,,,,,1,,,2400,,,1,,,2000,,
889392,2008,,,1,,,0,,,0,,,1,,,,,,2,,,65,,,25,,,100000,,,1,,,2,,,,,,,,,2,,,,,,,,,3.5,,,2,,,4000,,,4,,,50000,,
889618,2001,,,1,,,0,,,0,,,1,,,,,,2,,,50,,,20,,,75000,,,1,,,2,,,,,,,,,2,,,,,,,,,3.5,,,2,,,5320,,,4,,,40000,,
889623,2013,,,1,,,0,,,0,,,1,,,,,,2,,,60,,,10,,,100000,,,,,,2,,,,,,,,,2,,,,,,4,,,,,,1,,,12000,,,1,,,80000,,
889707,2011,,,1,,,0,,,0,,,1,,,,,,1,,,80,,,25,,,100000,,,,,,2,,,,,,,,,2,,,,,,6,,,,,,1,,,6600,,,4,,,80000,,
889717,2011,,,1,,,0,,,0,,,1,,,,,,2,,,90,,,10,,,40000,,,,,,2,,,,,,,,,2,,,,,,,,,3.5,,,3,,,4500,,,1,,,27000,,
889722,2005,,,1,,,0,,,0,,,1,,,,,,2,,,50,,,20,,,71000,,,2,,,2,,,,,,,,,2,,,,,,,,,3,,,2,,,3500,,,1,,,20000,,
889739,2011,,,1,,,0,,,0,,,1,,,,,,2,,,100,,,30,,,230000,,,,,,2,,,,,,,,,2,,,,,,0,,,,,,1,,,12000,,,4,,,180000,,
890016,2006,,,1,,,0,,,0,,,1,,,,,,1,,,80,,,15,,,77000,,,,,,2,,,,,,,,,2,,,,,,5,,,,,,1,,,6500,,,1,,,30000,,
890021,2009,,,1,,,0,,,0,,,1,,,,,,2,,,60,,,10,,,60000,,,1,,,2,,,,,,,,,2,,,,,,,,,5,,,2,,,2500,,,4,,,12689.230168,,
890022,2004,,,1,,,0,,,0,,,1,,,,,,2,,,50,,,25,,,90000,,,,,,2,,,,,,,,,2,,,,,,5.7,,,,,,1,,,7000,,,1,,,72221.827327,,
890144,2010,,,1,,,0,,,0,,,1,,,,,,2,,,100,,,30,,,125000,,,1,,,2,,,,,,,,,2,,,,,,,,,2.5,,,2,,,5400,,,3,,,120000,,
890761,2014,,,0,,,0,,,1,,,2,,,1,,,2,,,8,,,10,,,7000,,,,,,2,,,,,,,,,2,,,,,,5,,,,,,1,,,700,,,1,,,6500,,
891138,2006,,,1,,,0,,,0,,,1,,,,,,2,,,100,,,15,,,135000,,,,,,2,,,,,,,,,2,,,,,,5.6,,,,,,1,,,13200,,,3,,,79000,,
891160,2001,,,1,,,0,,,0,,,2,,,,,,2,,,30,,,15,,,25000,,,,,,2,,,,,,,,,2,,,,,,5,,,,,,1,,,3000,,,1,,,5000,,
891385,2001,,,0,,,0,,,1,,,1,,,1,,,2,,,50,,,15,,,100000,,,1,,,2,,,,,,,,,2,,,,,,,,,1.5,,,2,,,6000,,,4,,,20000,,
891435,2014,,,0,,,0,,,1,,,2,,,1,,,2,,,1,,,6,,,8000,,,,,,2,,,,,,,,,2,,,,,,2,,,2,,,1,,,1100,,,4,,,6800,,
891729,2004,,,1,,,0,,,0,,,1,,,,,,2,,,70,,,30,,,110000,,,,,,2,,,,,,,,,2,,,,,,3,,,,,,1,,,7200,,,3,,,80000,,
891749,1999,,,1,,,0,,,0,,,1,,,,,,2,,,80,,,20,,,75000,,,2,,,2,,,,,,,,,2,,,,,,,,,6,,,2,,,5400,,,4,,,25000,,
891808,2009,,,1,,,0,,,0,,,1,,,,,,2,,,100,,,26,,,100000,,,,,,2,,,,,,,,,2,,,,,,5,,,,,,1,,,7400,,,3,,,90000,,
891813,2007,,,0,,,0,,,1,,,1,,,1,,,2,,,100,,,25,,,78000,,,1,,,2,,,,,,,,,2,,,,,,,,,4,,,2,,,3360,,,3,,,40000,,
891884,2010,,,0,,,0,,,1,,,2,,,1,,,2,,,100,,,20,,,15000,,,1,,,2,,,,,,,,,2,,,,,,,,,5.8,,,2,,,1150,,,4,,,12500,,
892106,2006,,,1,,,0,,,0,,,1,,,,,,2,,,100,,,28,,,145000,,,2,,,2,,,,,,,,,2,,,,,,,,,0.5,,,2,,,7000,,,4,,,90000,,
892197,2008,,,1,,,0,,,0,,,2,,,,,,2,,,20,,,15,,,40000,,,1,,,2,,,,,,,,,2,,,,,,,,,2.5,,,2,,,3000,,,1,,,20000,,
892271,2005,,,1,,,0,,,0,,,2,,,,,,2,,,70,,,20,,,120000,,,,,,2,,,,,,,,,2,,,,,,5,,,,,,1,,,7000,,,4,,,60000,,
892291,2007,,,1,,,0,,,0,,,1,,,,,,2,,,60,,,20,,,100000,,,2,,,2,,,,,,,,,2,,,,,,,,,5,,,2,,,7000,,,2,,,60000,,
892701,2006,,,1,,,0,,,0,,,1,,,,,,2,,,80,,,30,,,216000,,,,,,2,,,,,,,,,2,,,,,,5,,,,,,1,,,15600,,,4,,,210421.75259,,
892710,2007,,,1,,,0,,,0,,,1,,,,,,2,,,50,,,20,,,115000,,,1,,,2,,,,,,,,,2,,,,,,,,,3,,,2,,,10000,,,4,,,90000,,
892886,2013,,,0,,,0,,,1,,,2,,,1,,,2,,,100,,,5,,,75000,,,1,,,2,,,,,,,,,2,,,,,,,,,5,,,2,,,17000,,,3,,,73601.103401,,
892902,2003,,,1,,,0,,,0,,,1,,,,,,2,,,95,,,20,,,260000,,,1,,,2,,,,,,,,,2,,,,,,,,,1.3,,,2,,,12000,,,1,,,113000,,
892909,2009,,,1,,,0,,,0,,,2,,,,,,2,,,70,,,30,,,100000,,,,,,2,,,,,,,,,2,,,,,,5.6,,,,,,1,,,7000,,,4,,,90000,,
893003,2002,,,1,,,0,,,0,,,1,,,,,,2,,,100,,,20,,,150000,,,,,,2,,,,,,,,,2,,,,,,5.2,,,,,,1,,,10800,,,3,,,98000,,
893007,2000,,,1,,,0,,,0,,,1,,,,,,2,,,100,,,20,,,123000,,,1,,,2,,,,,,,,,2,,,,,,,,,1.5,,,2,,,7800,,,4,,,54000,,
893016,2012,,,1,,,0,,,0,,,1,,,,,,2,,,90,,,20,,,200000,,,,,,2,,,,,,,,,2,,,,,,4,,,,,,1,,,700,,,4,,,9193.7575791,,
893066,2012,,,1,,,0,,,0,,,1,,,,,,2,,,80,,,25,,,150000,,,,,,2,,,,,,,,,2,,,,,,5.9,,,,,,1,,,8400,,,2,,,145000,,
893197,2007,,,1,,,0,,,0,,,1,,,,,,2,,,80,,,30,,,110000,,,,,,2,,,1,,,2,,,1,,,,,,4.25,,,,,,1,,,7000,,,1,,,105000,,
893209,2006,,,1,,,0,,,0,,,1,,,,,,2,,,100,,,25,,,280000,,,1,,,2,,,,,,,,,2,,,,,,,,,2.5,,,2,,,17200,,,3,,,200000,,
893382,2013,,,0,,,0,,,1,,,2,,,1,,,2,,,75,,,10,,,75000,,,1,,,2,,,,,,,,,2,,,,,,,,,5,,,2,,,9600,,,1,,,67000,,
893396,2013,,,1,,,0,,,0,,,1,,,,,,2,,,90,,,30,,,190000,,,2,,,2,,,,,,,,,2,,,,,,,,,1,,,2,,,6400,,,1,,,180000,,
893590,2014,,,0,,,0,,,1,,,2,,,1,,,2,,,100,,,5,,,3000,,,,,,2,,,,,,,,,2,,,,,,3.5,,,,,,1,,,1200,,,3,,,6394.2636237,,
893750,2001,,,1,,,0,,,0,,,2,,,,,,2,,,50,,,43,,,45000,,,,,,2,,,,,,,,,2,,,,,,4.5,,,,,,1,,,1800,,,4,,,30000,,
893751,2002,,,1,,,0,,,0,,,1,,,,,,2,,,60,,,20,,,50000,,,2,,,2,,,,,,,,,2,,,,,,,,,4,,,2,,,6000,,,4,,,32000,,
893753,2006,,,1,,,0,,,0,,,1,,,,,,2,,,99,,,30,,,130000,,,,,,2,,,,,,,,,2,,,,,,5.6,,,,,,1,,,10000,,,4,,,118000,,
893781,2013,,,1,,,0,,,0,,,2,,,,,,2,,,7,,,10,,,30000,,,,,,2,,,,,,,,,2,,,,,,1,,,,,,1,,,3000,,,1,,,19000,,
893897,2011,,,1,,,1,,,0,,,1,,,,,,2,,,70,,,20,,,180000,,,,,,2,,,2,,,2,,,1,,,,,,4.8,,,,,,1,,,9600,,,4,,,140000,,
894103,2000,,,1,,,0,,,0,,,1,,,,,,2,,,50,,,15,,,100000,,,1,,,2,,,,,,,,,2,,,,,,,,,3.5,,,2,,,7200,,,4,,,7000,,
894210,2007,,,1,,,0,,,0,,,1,,,,,,2,,,60,,,15,,,100000,,,,,,2,,,,,,,,,2,,,,,,4,,,,,,1,,,6500,,,2,,,54000,,
894346,2005,,,1,,,0,,,0,,,1,,,,,,2,,,70,,,25,,,190000,,,,,,2,,,,,,,,,2,,,,,,3.4,,,,,,1,,,4900,,,1,,,62484.224686,,
894456,2003,,,1,,,0,,,0,,,1,,,,,,2,,,60,,,15,,,70000,,,1,,,2,,,,,,,,,2,,,,,,,,,5,,,2,,,3000,,,4,,,10000,,
894506,2008,,,1,,,0,,,0,,,1,,,,,,2,,,100,,,30,,,135000,,,,,,2,,,,,,,,,2,,,,,,5.85,,,,,,1,,,4044,,,4,,,52440.995489,,
894559,2007,,,1,,,0,,,0,,,1,,,,,,2,,,70,,,20,,,200000,,,2,,,2,,,,,,,,,2,,,,,,,,,2,,,2,,,5000,,,4,,,60531.243853,,
894569,2012,,,1,,,0,,,0,,,1,,,,,,2,,,60,,,20,,,130000,,,,,,2,,,,,,,,,2,,,,,,2.5,,,,,,1,,,8000,,,1,,,120000,,
894730,2010,,,1,,,0,,,0,,,1,,,,,,2,,,80,,,30,,,140000,,,1,,,2,,,,,,,,,2,,,,,,,,,3,,,2,,,7700,,,1,,,120000,,
894815,2008,,,1,,,0,,,0,,,2,,,,,,2,,,100,,,25,,,150000,,,,,,2,,,,,,,,,2,,,,,,2.58,,,,,,1,,,7700,,,1,,,140000,,
894820,2013,,,1,,,0,,,0,,,1,,,,,,2,,,75,,,20,,,88000,,,2,,,2,,,,,,,,,2,,,,,,,,,3,,,2,,,6000,,,1,,,82000,,
894903,2006,,,1,,,0,,,0,,,1,,,,,,2,,,100,,,25,,,111000,,,2,,,2,,,,,,,,,2,,,,,,,,,1.4,,,2,,,7000,,,1,,,80000,,
894946,2010,,,1,,,0,,,0,,,2,,,,,,2,,,75,,,30,,,150000,,,1,,,2,,,,,,,,,2,,,,,,,,,4.2,,,2,,,6780,,,4,,,140000,,
894951,2009,,,1,,,0,,,0,,,1,,,,,,2,,,75,,,27,,,150000,,,1,,,2,,,,,,,,,2,,,,,,,,,4.5,,,2,,,10036.914008,,,4,,,142000,,
895015,2010,,,1,,,0,,,0,,,1,,,,,,2,,,95,,,35,,,160000,,,1,,,2,,,,,,,,,2,,,,,,,,,2.3,,,2,,,6000,,,1,,,146000,,
895022,2007,,,1,,,0,,,0,,,2,,,,,,2,,,2,,,10,,,20000,,,,,,2,,,,,,,,,2,,,,,,6,,,,,,3,,,3500,,,1,,,8000,,
895184,1987,,,1,,,0,,,0,,,1,,,,,,2,,,100,,,30,,,50000,,,,,,2,,,,,,,,,2,,,,,,3,,,,,,1,,,2200,,,2,,,8177.6164862,,
895200,2008,,,1,,,0,,,0,,,1,,,,,,2,,,100,,,25,,,116000,,,1,,,2,,,,,,,,,2,,,,,,,,,4,,,2,,,7000,,,1,,,105000,,
895207,2001,,,1,,,0,,,0,,,1,,,,,,2,,,40,,,20,,,110000,,,,,,2,,,,,,,,,2,,,,,,3,,,,,,1,,,7200,,,1,,,50000,,
895457,2008,,,1,,,0,,,0,,,1,,,,,,2,,,95,,,30,,,90000,,,,,,2,,,,,,,,,2,,,,,,,,,4.5,,,3,,,5760,,,4,,,80000,,
895487,2008,,,1,,,0,,,0,,,1,,,,,,2,,,50,,,15,,,45000,,,2,,,2,,,,,,,,,2,,,,,,,,,4,,,2,,,1800,,,4,,,14599.612403,,
895505,2007,,,1,,,0,,,0,,,1,,,,,,2,,,30,,,15,,,63500,,,,,,2,,,,,,,,,2,,,,,,6.5,,,,,,1,,,6400,,,2,,,40000,,
895512,2009,,,1,,,0,,,0,,,1,,,,,,2,,,27,,,29,,,80000,,,2,,,2,,,,,,,,,2,,,,,,,,,4.5,,,2,,,4700,,,2,,,70000,,
895651,2005,,,1,,,0,,,0,,,1,,,,,,2,,,65,,,15,,,85000,,,1,,,2,,,,,,,,,2,,,,,,,,,4.5,,,2,,,7200,,,2,,,42427.446771,,
895654,2004,,,1,,,0,,,0,,,1,,,,,,2,,,80,,,20,,,145000,,,2,,,2,,,,,,,,,2,,,,,,,,,2.8,,,2,,,7800,,,4,,,62000,,
895681,2002,,,1,,,0,,,0,,,1,,,,,,2,,,60,,,15,,,100000,,,,,,2,,,,,,,,,2,,,,,,4.95,,,,,,1,,,5400,,,4,,,20000,,
895779,2010,,,0,,,0,,,1,,,3,,,1,,,1,,,6,,,6,,,28000,,,,,,2,,,,,,,,,2,,,,,,0,,,,,,1,,,3800,,,3,,,11400,,
896074,2007,,,1,,,0,,,0,,,1,,,,,,2,,,70,,,15,,,40000,,,,,,2,,,,,,,,,2,,,,,,4,,,,,,1,,,3600,,,1,,,25000,,
896109,2008,,,1,,,0,,,0,,,1,,,,,,2,,,40,,,15,,,65000,,,,,,2,,,,,,,,,2,,,,,,4,,,,,,1,,,6600,,,4,,,40000,,
896188,2005,,,1,,,0,,,0,,,1,,,,,,2,,,80,,,25,,,200000,,,2,,,2,,,1,,,2,,,1,,,,,,,,,2.6,,,2,,,9600,,,3,,,160000,,
896287,2013,,,1,,,0,,,0,,,1,,,,,,2,,,30,,,20,,,58000,,,,,,2,,,,,,,,,2,,,,,,5.5,,,,,,1,,,4800,,,4,,,50000,,
896392,2014,,,0,,,0,,,1,,,2,,,1,,,2,,,10,,,5,,,75000,,,,,,2,,,,,,,,,2,,,,,,3.56,,,,,,1,,,3500,,,4,,,18613.235057,,
896449,2006,,,1,,,0,,,0,,,1,,,,,,2,,,50,,,25,,,250000,,,1,,,2,,,,,,,,,2,,,,,,,,,3.5,,,2,,,12000,,,4,,,200000,,
896511,2004,,,1,,,0,,,0,,,1,,,,,,2,,,40,,,30,,,75000,,,1,,,2,,,,,,,,,2,,,,,,,,,4.58,,,2,,,4320,,,3,,,57000,,
896534,2012,,,1,,,0,,,0,,,1,,,,,,2,,,20,,,30,,,100000,,,1,,,2,,,,,,,,,2,,,,,,,,,3,,,2,,,6000,,,1,,,95000,,
896541,2007,,,1,,,0,,,0,,,1,,,,,,2,,,66,,,30,,,150000,,,,,,2,,,,,,,,,2,,,,,,3.2,,,,,,1,,,7900,,,1,,,126000,,
896551,2008,,,1,,,0,,,0,,,1,,,,,,2,,,70,,,30,,,170000,,,,,,1,,,,,,,,,2,,,1,,,4.7,,,,,,1,,,4800,,,1,,,69000,,
896570,2009,,,1,,,0,,,0,,,1,,,,,,2,,,80,,,18,,,152000,,,2,,,2,,,,,,,,,2,,,,,,,,,1.4,,,2,,,9600,,,1,,,110000,,
896576,2010,,,1,,,0,,,0,,,1,,,,,,2,,,85,,,35,,,270000,,,,,,2,,,,,,,,,2,,,,,,3,,,,,,1,,,11820.235004,,,1,,,241000,,
896608,2012,,,1,,,0,,,0,,,1,,,,,,2,,,80,,,30,,,150000,,,2,,,2,,,,,,,,,2,,,,,,,,,4,,,2,,,8000,,,1,,,142000,,
896749,2009,,,1,,,0,,,0,,,1,,,,,,2,,,70,,,20,,,300000,,,2,,,2,,,,,,,,,2,,,,,,,,,1,,,2,,,17500,,,1,,,220000,,
896926,2012,,,1,,,0,,,0,,,2,,,,,,1,,,10,,,20,,,70000,,,2,,,2,,,,,,,,,2,,,,,,,,,3.5,,,2,,,4800,,,4,,,65000,,
896943,2000,,,1,,,0,,,0,,,1,,,,,,2,,,100,,,30,,,65000,,,,,,2,,,,,,,,,2,,,,,,3,,,,,,3,,,3700,,,3,,,47000,,
897063,2007,,,1,,,0,,,0,,,1,,,,,,2,,,80,,,25,,,220000,,,1,,,2,,,,,,,,,2,,,,,,,,,4,,,2,,,14184,,,4,,,200000,,
897154,2012,,,1,,,0,,,0,,,1,,,,,,2,,,30,,,17,,,100000,,,1,,,2,,,,,,,,,2,,,,,,,,,1.5,,,2,,,7000,,,1,,,94000,,
897155,2001,,,1,,,0,,,0,,,1,,,,,,2,,,80,,,15,,,80000,,,,,,2,,,,,,,,,2,,,,,,,,,2.8,,,3,,,6000,,,4,,,17037.138976,,
897163,2006,,,1,,,0,,,0,,,1,,,,,,2,,,80,,,20,,,120000,,,1,,,2,,,,,,,,,2,,,,,,,,,2,,,2,,,6000,,,1,,,65000,,
897233,2008,,,1,,,0,,,0,,,1,,,,,,2,,,100,,,30,,,120000,,,,,,2,,,,,,,,,2,,,,,,5,,,,,,1,,,6000,,,2,,,90000,,
897242,2009,,,1,,,0,,,0,,,1,,,,,,2,,,100,,,25,,,110000,,,,,,2,,,,,,,,,2,,,,,,5,,,,,,1,,,8000,,,1,,,100000,,
897270,2011,,,1,,,0,,,0,,,1,,,,,,2,,,20,,,10,,,40000,,,,,,2,,,,,,,,,2,,,,,,4,,,,,,1,,,4800,,,1,,,21000,,
897364,2010,,,1,,,0,,,0,,,1,,,,,,2,,,100,,,10,,,33000,,,,,,2,,,,,,,,,2,,,,,,3.9,,,,,,1,,,4270,,,4,,,19800,,
897367,2001,,,1,,,0,,,0,,,1,,,,,,2,,,47,,,20,,,110000,,,,,,1,,,,,,,,,2,,,1,,,4.6,,,,,,1,,,10500,,,1,,,68974.728445,,
897436,2013,,,1,,,0,,,0,,,1,,,,,,2,,,90,,,10,,,300000,,,,,,2,,,,,,,,,2,,,,,,2.1,,,,,,1,,,7200,,,4,,,64337.531286,,
897437,2006,,,1,,,0,,,0,,,2,,,,,,2,,,17,,,25,,,35000,,,2,,,2,,,,,,,,,2,,,,,,,,,1.5,,,2,,,1520,,,1,,,24700,,
897513,2006,,,1,,,0,,,0,,,1,,,,,,1,,,90,,,30,,,400000,,,,,,2,,,,,,,,,2,,,,,,1,,,,,,1,,,6000,,,4,,,132000,,
897585,2010,,,1,,,0,,,0,,,1,,,,,,1,,,70,,,30,,,190000,,,,,,1,,,,,,,,,2,,,1,,,4.8,,,,,,1,,,10200,,,1,,,152000,,
897627,2013,,,0,,,0,,,1,,,2,,,1,,,2,,,70,,,3,,,5000,,,,,,2,,,,,,,,,2,,,,,,0,,,,,,1,,,1700,,,1,,,3000,,
897649,2004,,,1,,,0,,,0,,,1,,,,,,2,,,100,,,15,,,90000,,,2,,,2,,,,,,,,,2,,,,,,,,,3.8,,,2,,,1788,,,1,,,8092,,
897652,2005,2014,,1,0,,0,0,,0,1,,1,2,,,1,,1,1,,100,70,,25,10,,105000,26000,,2,,,2,2,,1,,,3,,,1,2,,,,,,6,,2.5,,,2,1,,5400,3700,,2,3,,80000,25000,
897659,2011,,,1,,,0,,,0,,,1,,,,,,2,,,60,,,25,,,85000,,,2,,,2,,,,,,,,,2,,,,,,,,,2.5,,,2,,,4200,,,1,,,75000,,
897660,2007,,,1,,,0,,,0,,,1,,,,,,2,,,100,,,30,,,120000,,,2,,,2,,,,,,,,,2,,,,,,,,,2.5,,,2,,,6000,,,1,,,110000,,
897681,2009,,,1,,,0,,,0,,,2,,,,,,1,,,40,,,20,,,50000,,,,,,2,,,,,,,,,2,,,,,,5,,,,,,1,,,4000,,,1,,,43000,,
897689,2005,,,1,,,0,,,0,,,1,,,,,,2,,,85,,,18,,,80000,,,2,,,2,,,,,,,,,2,,,,,,,,,5,,,2,,,3600,,,4,,,28000,,
897712,2006,,,1,,,0,,,0,,,1,,,,,,2,,,100,,,15,,,120000,,,,,,2,,,,,,,,,2,,,,,,6,,,,,,1,,,11100,,,4,,,60000,,
897713,2006,,,1,,,0,,,0,,,1,,,,,,2,,,90,,,25,,,155000,,,2,,,2,,,,,,,,,2,,,,,,,,,4.5,,,2,,,7000,,,1,,,100000,,
897808,2001,,,1,,,0,,,0,,,1,,,,,,2,,,90,,,20,,,100000,,,1,,,2,,,,,,,,,2,,,,,,,,,4.2,,,2,,,7000,,,4,,,40000,,
897841,2005,,,1,,,0,,,0,,,1,,,,,,2,,,75,,,25,,,250000,,,2,,,1,,,,,,,,,2,,,1,,,,,,1.1,,,2,,,3000,,,2,,,46284.259916,,
897854,2008,,,1,,,0,,,0,,,1,,,,,,2,,,50,,,20,,,100000,,,1,,,2,,,,,,,,,2,,,,,,,,,1.5,,,2,,,6000,,,4,,,80059.398036,,
897855,2013,,,1,,,0,,,0,,,1,,,,,,2,,,65,,,30,,,126000,,,,,,2,,,,,,,,,2,,,,,,2.86,,,,,,1,,,7428,,,4,,,105000,,
897870,2014,,,1,,,0,,,0,,,1,,,,,,2,,,80,,,30,,,110000,,,1,,,2,,,,,,,,,2,,,,,,,,,3,,,2,,,2550,,,4,,,51001.092661,,
897925,2003,,,1,,,0,,,0,,,2,,,,,,2,,,80,,,15,,,103000,,,,,,2,,,,,,,,,2,,,,,,4.5,,,,,,1,,,10800,,,4,,,35000,,
897952,2011,,,1,,,0,,,0,,,2,,,,,,2,,,100,,,5,,,12000,,,1,,,2,,,,,,,,,2,,,,,,,,,7,,,2,,,3000,,,4,,,5000,,
897988,2010,,,1,,,0,,,0,,,1,,,,,,2,,,60,,,30,,,100000,,,,,,2,,,,,,,,,2,,,,,,4.9,,,,,,1,,,5600,,,1,,,100000,,
898002,2009,,,1,,,0,,,0,,,1,,,,,,2,,,50,,,30,,,160000,,,,,,2,,,,,,,,,2,,,,,,4.5,,,,,,1,,,11000,,,1,,,133000,,
898159,2007,,,1,,,0,,,0,,,1,,,,,,2,,,100,,,25,,,250000,,,,,,2,,,1,,,2,,,1,,,,,,5.9,,,,,,1,,,19000,,,1,,,215000,,
898175,2005,,,1,,,0,,,0,,,1,,,,,,2,,,100,,,20,,,48000,,,,,,2,,,,,,,,,2,,,,,,4,,,,,,1,,,1000,,,1,,,9385.0737605,,
898252,2002,,,1,,,0,,,0,,,1,,,,,,2,,,80,,,25,,,150000,,,1,,,2,,,,,,,,,2,,,,,,,,,5,,,2,,,8000,,,4,,,95000,,
898504,2010,,,1,,,0,,,0,,,1,,,,,,2,,,100,,,59,,,180000,,,,,,2,,,,,,,,,2,,,,,,,,,4,,,3,,,7200,,,4,,,160000,,
898657,1996,,,1,,,0,,,0,,,1,,,,,,2,,,100,,,20,,,180000,,,1,,,2,,,,,,,,,2,,,,,,,,,3,,,2,,,6000,,,1,,,10000,,
898663,2008,,,1,,,0,,,0,,,1,,,,,,2,,,100,,,30,,,133000,,,2,,,2,,,,,,,,,2,,,,,,,,,4,,,2,,,5400,,,4,,,100000,,
898667,2009,,,1,,,0,,,0,,,1,,,,,,2,,,100,,,25,,,150000,,,2,,,2,,,,,,,,,2,,,,,,,,,3.5,,,2,,,7500,,,3,,,120000,,
898670,2009,,,1,,,0,,,0,,,1,,,,,,2,,,50,,,20,,,100000,,,1,,,2,,,1,,,1,,,1,,,,,,,,,4,,,2,,,8500,,,1,,,80000,,
898671,2008,,,1,,,0,,,0,,,1,,,,,,2,,,75,,,52,,,115000,,,2,,,2,,,,,,,,,2,,,,,,,,,4,,,2,,,5000,,,2,,,105000,,
898692,2005,,,1,,,0,,,0,,,1,,,,,,2,,,90,,,20,,,100000,,,1,,,2,,,,,,,,,2,,,,,,,,,5,,,2,,,6960,,,4,,,70000,,
898783,2000,,,1,,,0,,,0,,,1,,,,,,2,,,100,,,20,,,105000,,,1,,,2,,,,,,,,,2,,,,,,,,,1.47,,,2,,,7700,,,1,,,43000,,
898875,2013,,,1,,,0,,,0,,,1,,,,,,2,,,70,,,8,,,49000,,,,,,2,,,,,,,,,2,,,,,,7,,,,,,1,,,5700,,,4,,,37000,,
899042,2011,,,0,,,0,,,1,,,1,,,1,,,2,,,80,,,30,,,168000,,,2,,,2,,,,,,,,,2,,,,,,,,,2.5,,,2,,,6700,,,2,,,160000,,
899051,2001,,,0,,,0,,,1,,,1,,,1,,,2,,,80,,,20,,,60000,,,2,,,2,,,,,,,,,2,,,,,,,,,3,,,2,,,4500,,,4,,,30000,,
899055,2003,,,1,,,0,,,0,,,1,,,,,,2,,,70,,,25,,,125000,,,,,,2,,,,,,,,,2,,,,,,3,,,,,,1,,,9600,,,1,,,100000,,
899063,2008,,,1,,,0,,,0,,,1,,,,,,2,,,100,,,30,,,120000,,,,,,2,,,,,,,,,2,,,,,,5.55,,,,,,1,,,8495,,,1,,,107000,,
899161,2002,,,1,,,0,,,0,,,1,,,,,,2,,,100,,,16,,,80000,,,,,,2,,,,,,,,,2,,,,,,5,,,,,,1,,,5400,,,1,,,20000,,
899172,2011,,,1,,,0,,,0,,,1,,,,,,2,,,100,,,30,,,140000,,,2,,,2,,,,,,,,,2,,,,,,,,,3,,,2,,,7200,,,1,,,125000,,
899253,2008,,,1,,,0,,,0,,,1,,,,,,2,,,100,,,16,,,82000,,,,,,2,,,,,,,,,2,,,,,,6.03,,,,,,1,,,10500,,,2,,,80000,,
899255,2009,,,1,,,0,,,0,,,1,,,,,,1,,,80,,,25,,,90000,,,,,,2,,,,,,,,,2,,,,,,3,,,,,,1,,,7200,,,4,,,75000,,
899308,2005,,,1,,,0,,,0,,,1,,,,,,2,,,60,,,15,,,70000,,,1,,,2,,,,,,,,,2,,,,,,,,,4,,,2,,,6280,,,3,,,23000,,
899318,2005,,,0,,,0,,,1,,,1,,,1,,,2,,,100,,,25,,,76000,,,,,,2,,,,,,,,,2,,,,,,4,,,,,,1,,,6600,,,4,,,80293.414434,,
899325,2009,,,1,,,0,,,0,,,1,,,,,,2,,,80,,,25,,,145000,,,2,,,2,,,,,,,,,2,,,,,,,,,1.25,,,2,,,7200,,,4,,,120000,,
899339,2011,,,0,,,0,,,1,,,2,,,1,,,2,,,100,,,7,,,27000,,,2,,,2,,,,,,,,,2,,,,,,,,,3,,,2,,,4200,,,1,,,16000,,
899343,2010,,,1,,,0,,,0,,,1,,,,,,2,,,30,,,10,,,60000,,,,,,2,,,,,,,,,2,,,,,,2,,,,,,1,,,6600,,,1,,,30000,,
899465,2000,,,1,,,0,,,0,,,1,,,,,,2,,,80,,,30,,,270000,,,1,,,2,,,,,,,,,2,,,,,,,,,4,,,2,,,15000,,,4,,,175000,,
899549,2012,,,1,,,0,,,0,,,2,,,,,,2,,,50,,,25,,,200000,,,1,,,2,,,,,,,,,2,,,,,,,,,3.7,,,2,,,11000,,,1,,,180000,,
899553,2000,,,1,,,0,,,0,,,1,,,,,,1,,,50,,,20,,,200000,,,1,,,2,,,,,,,,,2,,,,,,,,,3.1,,,2,,,15000,,,4,,,60000,,
899554,2001,,,1,,,0,,,0,,,1,,,,,,1,,,50,,,25,,,100000,,,1,,,1,,,,,,,,,2,,,1,,,,,,4.1,,,2,,,10000,,,4,,,100000,,
899562,2004,,,1,,,0,,,0,,,1,,,,,,2,,,65,,,15,,,100000,,,1,,,1,,,,,,,,,2,,,1,,,,,,5.4,,,2,,,8200,,,3,,,34000,,
899662,2008,2007,,1,0,,0,0,,0,1,,1,2,,,1,,2,2,,90,15,,30,10,,190000,30000,,,,,2,2,,,,,,,,2,2,,,,,3.9,10,,,,,1,1,,11300,6200,,1,4,,176000,19653.165767,
899669,1999,,,1,,,0,,,0,,,1,,,,,,2,,,100,,,30,,,120000,,,2,,,2,,,2,,,2,,,1,,,,,,,,,3,,,2,,,1000,,,1,,,12561.102026,,
899671,2006,2011,,1,0,,0,0,,0,1,,1,2,,,1,,2,2,,100,95,,30,5,,130000,8000,,2,,,2,2,,,,,,,,2,2,,,,,,5,,3,,,2,1,,6480,1800,,1,4,,90000,4901.8464529,
899684,2010,,,1,,,0,,,0,,,2,,,,,,2,,,50,,,6,,,30000,,,,,,2,,,,,,,,,2,,,,,,6,,,,,,1,,,6500,,,1,,,12000,,
899687,2007,,,1,,,0,,,0,,,2,,,,,,2,,,20,,,10,,,30000,,,,,,2,,,,,,,,,2,,,,,,0.5,,,,,,1,,,3600,,,4,,,14221.784375,,
899748,2005,,,1,,,0,,,0,,,2,,,,,,2,,,90,,,22,,,100000,,,,,,2,,,,,,,,,2,,,,,,8.5,,,,,,1,,,10500,,,4,,,83000,,
899787,2004,,,1,,,0,,,0,,,1,,,,,,2,,,100,,,20,,,150000,,,,,,2,,,,,,,,,2,,,,,,9,,,,,,1,,,933,,,4,,,6349.2427846,,
900045,2000,,,1,,,0,,,0,,,2,,,,,,2,,,80,,,26,,,60000,,,1,,,1,,,,,,,,,2,,,1,,,,,,4,,,2,,,3500,,,3,,,35000,,
900073,2012,,,1,,,0,,,0,,,2,,,,,,2,,,50,,,25,,,65000,,,,,,2,,,,,,,,,2,,,,,,5,,,,,,1,,,4500,,,4,,,53500,,
900082,2002,,,1,,,0,,,0,,,1,,,,,,2,,,50,,,20,,,75000,,,,,,2,,,,,,,,,2,,,,,,5.5,,,,,,1,,,3120,,,3,,,23000,,
900237,2007,,,1,,,0,,,0,,,1,,,,,,2,,,80,,,20,,,180000,,,2,,,2,,,,,,,,,2,,,,,,,,,3,,,2,,,4000,,,4,,,45184.292558,,
900325,1999,,,1,,,0,,,0,,,1,,,,,,2,,,40,,,20,,,120000,,,1,,,2,,,,,,,,,2,,,,,,,,,0.4,,,2,,,7200,,,3,,,38000,,
900355,2008,,,1,,,0,,,0,,,1,,,,,,2,,,60,,,23,,,165000,,,2,,,2,,,,,,,,,2,,,,,,,,,2.2,,,2,,,8300,,,1,,,110000,,
900566,2003,,,1,,,0,,,0,,,1,,,,,,2,,,45,,,20,,,80000,,,2,,,1,,,,,,,,,2,,,1,,,,,,3,,,2,,,8000,,,2,,,68241.622694,,
900573,2001,,,1,,,0,,,0,,,1,,,,,,2,,,35,,,15,,,88000,,,2,,,2,,,,,,,,,2,,,,,,,,,1.02,,,2,,,6900,,,4,,,20284.790472,,
900818,1990,,,1,,,0,,,0,,,1,,,,,,2,,,90,,,25,,,50000,,,,,,2,,,,,,,,,2,,,,,,3,,,,,,1,,,5000,,,1,,,5000,,
900827,2004,,,1,,,0,,,0,,,1,,,,,,2,,,50,,,20,,,60000,,,1,,,2,,,,,,,,,2,,,,,,,,,3.5,,,2,,,3600,,,4,,,30000,,
900829,2011,,,1,,,0,,,0,,,1,,,,,,2,,,100,,,15,,,50000,,,1,,,2,,,,,,,,,2,,,,,,,,,3,,,2,,,3500,,,1,,,38000,,
900830,2004,,,1,,,0,,,0,,,1,,,,,,2,,,80,,,15,,,60000,,,1,,,2,,,,,,,,,2,,,,,,,,,3,,,2,,,4800,,,4,,,22000,,
900863,2005,,,1,,,0,,,0,,,1,,,,,,2,,,70,,,15,,,65000,,,1,,,2,,,,,,,,,2,,,,,,,,,3,,,2,,,6000,,,1,,,30000,,
900873,2003,,,0,,,0,,,1,,,1,,,1,,,2,,,100,,,30,,,100000,,,1,,,1,,,,,,,,,2,,,1,,,,,,0,,,2,,,6000,,,1,,,80000,,
900876,1995,,,1,,,0,,,0,,,1,,,,,,2,,,30,,,20,,,40000,,,,,,2,,,,,,,,,2,,,,,,8,,,,,,1,,,3000,,,3,,,3000,,
900886,2007,,,1,,,0,,,0,,,1,,,,,,2,,,50,,,20,,,100000,,,,,,2,,,,,,,,,2,,,,,,5.3,,,,,,1,,,8000,,,4,,,70000,,
901124,2006,,,1,,,0,,,0,,,1,,,,,,2,,,80,,,30,,,180000,,,,,,1,,,,,,,,,2,,,1,,,2.2,,,,,,1,,,9000,,,1,,,140000,,
901126,2006,,,1,,,0,,,0,,,1,,,,,,2,,,60,,,25,,,190000,,,,,,2,,,,,,,,,2,,,,,,2.2,,,,,,1,,,11600,,,1,,,153000,,
901208,2009,,,1,,,0,,,0,,,1,,,,,,2,,,50,,,10,,,100000,,,,,,2,,,,,,,,,2,,,,,,8,,,,,,1,,,850,,,3,,,3929.4477144,,
901269,1998,,,1,,,0,,,0,,,2,,,,,,2,,,50,,,20,,,100000,,,2,,,2,,,,,,,,,2,,,,,,,,,3,,,2,,,8000,,,4,,,30000,,
901376,2007,,,1,,,0,,,0,,,1,,,,,,2,,,100,,,25,,,250000,,,,,,2,,,,,,,,,2,,,,,,5,,,,,,1,,,7000,,,1,,,84597.246018,,
901400,2010,,,0,,,0,,,1,,,2,,,1,,,2,,,100,,,5,,,13500,,,,,,2,,,,,,,,,2,,,,,,4.4,,,,,,1,,,1400,,,4,,,1400,,
902017,2010,,,1,,,0,,,0,,,1,,,,,,2,,,50,,,8,,,15000,,,,,,2,,,,,,,,,2,,,,,,8,,,,,,1,,,3000,,,4,,,12000,,
902205,2010,,,0,,,0,,,1,,,2,,,1,,,2,,,4,,,8,,,12000,,,2,,,2,,,,,,,,,2,,,,,,,,,2.4,,,2,,,1700,,,4,,,5000,,
902242,2013,,,1,,,0,,,0,,,1,,,,,,2,,,80,,,30,,,50000,,,,,,2,,,,,,,,,2,,,,,,5,,,,,,1,,,2880,,,3,,,44000,,
902305,2014,,,0,,,0,,,1,,,2,,,1,,,2,,,7,,,4,,,20000,,,,,,2,,,,,,,,,2,,,,,,7.2,,,,,,1,,,6000,,,4,,,14000,,
902327,2002,,,1,,,0,,,0,,,1,,,,,,2,,,100,,,25,,,75000,,,2,,,2,,,,,,,,,2,,,,,,,,,4.5,,,2,,,3800,,,4,,,38708,,
902608,1990,,,0,,,0,,,1,,,2,,,1,,,1,,,50,,,25,,,50000,,,,,,2,,,,,,,,,2,,,,,,3,,,,,,1,,,1200,,,3,,,1500,,
902648,2009,,,1,,,0,,,0,,,1,,,,,,2,,,6,,,17,,,80000,,,,,,2,,,,,,,,,2,,,,,,6,,,,,,1,,,7100,,,4,,,45000,,
902784,2005,,,0,,,0,,,1,,,1,,,1,,,2,,,50,,,20,,,75000,,,2,,,2,,,,,,,,,2,,,,,,,,,3.2,,,2,,,4800,,,4,,,45000,,
902869,2005,,,1,,,0,,,0,,,1,,,,,,2,,,95,,,25,,,180000,,,1,,,2,,,,,,,,,2,,,,,,,,,3.2,,,2,,,10000,,,4,,,100000,,
902880,2000,,,1,,,0,,,0,,,1,,,,,,2,,,90,,,32,,,90000,,,,,,2,,,,,,,,,2,,,,,,4.5,,,,,,1,,,4800,,,4,,,60000,,
902886,2014,,,1,,,0,,,0,,,1,,,,,,2,,,70,,,18,,,150000,,,1,,,2,,,,,,,,,2,,,,,,,,,6.55,,,2,,,13559.341492,,,4,,,145000,,
902913,2005,,,1,,,0,,,0,,,1,,,,,,2,,,100,,,15,,,90000,,,1,,,2,,,,,,,,,2,,,,,,,,,4.5,,,2,,,5400,,,4,,,30000,,
903018,2003,,,1,,,0,,,0,,,1,,,,,,2,,,70,,,20,,,107000,,,1,,,2,,,,,,,,,2,,,,,,,,,7,,,2,,,8800,,,3,,,70000,,
903022,2006,,,1,,,0,,,0,,,1,,,,,,2,,,35,,,10,,,50000,,,,,,2,,,,,,,,,2,,,,,,3,,,,,,1,,,3800,,,4,,,10748.723149,,
903083,2008,2008,,1,1,,0,0,,0,0,,1,1,,,,,2,2,,50,50,,25,25,,150000,70000,,,,,2,2,,,,,,,,2,2,,,,,5.6,2.2,,,,,1,1,,6000,2300,,1,4,,78000,45000,
903090,2013,,,1,,,0,,,0,,,1,,,,,,2,,,100,,,20,,,150000,,,,,,2,,,,,,,,,2,,,,,,5.9,,,,,,1,,,6000,,,1,,,69381.710199,,
903120,2011,,,1,,,0,,,0,,,2,,,,,,2,,,100,,,25,,,200000,,,2,,,2,,,,,,,,,2,,,,,,,,,4,,,2,,,10000,,,4,,,175000,,
903299,2012,,,1,,,0,,,0,,,1,,,,,,2,,,50,,,15,,,100000,,,,,,2,,,,,,,,,2,,,,,,1,,,,,,1,,,7164,,,1,,,85393,,
903331,2001,,,1,,,0,,,0,,,1,,,,,,2,,,100,,,25,,,100000,,,,,,2,,,,,,,,,2,,,,,,3.5,,,,,,1,,,6840,,,1,,,60000,,
903338,2004,,,1,,,0,,,0,,,1,,,,,,2,,,100,,,15,,,65000,,,,,,2,,,,,,,,,2,,,,,,3.5,,,,,,1,,,5200,,,1,,,25000,,
903431,2006,2006,,1,0,,0,0,,0,1,,1,2,,,2,,2,2,,100,8,,30,10,,170000,10000,,2,,,2,2,,,,,,,,2,2,,,,,,3,,1.85,,,2,1,,7800,1500,,4,3,,139000,4242.9170323,
903444,2011,,,1,,,0,,,0,,,1,,,,,,2,,,40,,,30,,,116000,,,,,,2,,,,,,,,,2,,,,,,5.01,,,,,,1,,,7500,,,1,,,109000,,
903523,2002,,,1,,,0,,,0,,,1,,,,,,2,,,100,,,15,,,140000,,,,,,2,,,,,,,,,2,,,,,,4,,,,,,1,,,12012,,,4,,,60000,,
903612,2010,,,1,,,0,,,0,,,1,,,,,,2,,,100,,,20,,,100000,,,2,,,2,,,,,,,,,2,,,,,,,,,5,,,2,,,7200,,,4,,,80000,,
903664,2009,,,1,,,0,,,0,,,1,,,,,,2,,,100,,,15,,,67000,,,,,,2,,,,,,,,,2,,,,,,4,,,,,,1,,,6400,,,1,,,58000,,
903724,2011,,,1,,,0,,,0,,,1,,,,,,2,,,80,,,30,,,240000,,,2,,,2,,,,,,,,,2,,,,,,,,,2,,,2,,,10800,,,1,,,225000,,
903732,2003,2009,,1,0,,0,0,,0,1,,1,2,,,2,,2,2,,70,20,,25,10,,200000,35000,,,,,2,2,,,,,,,,2,2,,,,,4,6,,,,,1,1,,16800,7200,,4,4,,120000,35404.735147,
903737,2004,,,1,,,0,,,0,,,1,,,,,,2,,,70,,,25,,,120000,,,,,,2,,,,,,,,,2,,,,,,4,,,,,,1,,,4800,,,1,,,70000,,
903770,2010,,,0,,,0,,,1,,,2,,,1,,,2,,,15,,,7,,,35000,,,,,,2,,,,,,,,,2,,,,,,7.5,,,,,,1,,,6500,,,3,,,21000,,
903783,2008,,,1,,,0,,,0,,,1,,,,,,1,,,100,,,20,,,140000,,,,,,2,,,,,,,,,2,,,,,,5,,,,,,1,,,8500,,,3,,,100000,,
903805,2014,,,1,,,0,,,0,,,2,,,,,,2,,,60,,,15,,,130000,,,2,,,2,,,,,,,,,2,,,,,,,,,1.25,,,2,,,3000,,,3,,,43260.876813,,
903882,2003,,,1,,,0,,,0,,,1,,,,,,2,,,55,,,15,,,60000,,,2,,,2,,,,,,,,,2,,,,,,,,,3.3,,,2,,,5000,,,4,,,22000,,
903899,2010,,,1,,,0,,,0,,,1,,,,,,2,,,70,,,15,,,65000,,,2,,,2,,,,,,,,,2,,,,,,,,,2.7,,,2,,,5000,,,4,,,40000,,
903973,2014,,,0,,,0,,,1,,,2,,,2,,,2,,,30,,,3,,,3000,,,,,,2,,,,,,,,,2,,,,,,0,,,,,,1,,,1000,,,3,,,4000,,
904007,2005,,,1,,,0,,,0,,,1,,,,,,2,,,80,,,15,,,40000,,,,,,2,,,,,,,,,2,,,,,,2.4,,,,,,1,,,3000,,,1,,,19120.881593,,
904242,2009,,,0,,,0,,,1,,,1,,,1,,,2,,,80,,,15,,,115000,,,,,,2,,,,,,,,,2,,,,,,2,,,3,,,1,,,7630,,,1,,,75000,,
904438,2010,,,1,,,0,,,0,,,1,,,,,,2,,,100,,,30,,,145000,,,1,,,2,,,,,,,,,2,,,,,,,,,6,,,2,,,10008,,,4,,,130000,,
904514,2011,,,1,,,0,,,0,,,1,,,,,,2,,,50,,,16,,,100000,,,1,,,2,,,,,,,,,2,,,,,,,,,6.75,,,2,,,10137.298977,,,2,,,90000,,
904583,2003,,,1,,,0,,,0,,,1,,,,,,2,,,80,,,30,,,70000,,,1,,,2,,,,,,,,,2,,,,,,,,,2.5,,,2,,,5820,,,1,,,70000,,
904587,2009,,,1,,,0,,,0,,,1,,,,,,2,,,100,,,10,,,55000,,,1,,,2,,,,,,,,,2,,,,,,,,,2,,,2,,,3500,,,1,,,19605.008117,,
904921,2007,,,1,,,0,,,0,,,1,,,,,,2,,,40,,,30,,,120000,,,1,,,2,,,,,,,,,2,,,,,,,,,3.2,,,2,,,6000,,,4,,,100000,,
904945,2008,,,1,,,0,,,0,,,1,,,,,,2,,,60,,,30,,,150000,,,2,,,2,,,,,,,,,2,,,,,,,,,2,,,2,,,4000,,,1,,,86000,,
904955,2014,,,1,,,0,,,0,,,1,,,,,,2,,,75,,,10,,,100000,,,,,,2,,,,,,,,,2,,,,,,4,,,,,,1,,,8000,,,1,,,95000,,
905019,2013,,,1,,,0,,,0,,,1,,,,,,2,,,80,,,25,,,120000,,,,,,2,,,,,,,,,2,,,,,,4.3,,,,,,1,,,6000,,,1,,,115000,,
905028,2011,,,1,,,0,,,0,,,1,,,,,,2,,,95,,,74,,,180000,,,,,,2,,,,,,,,,2,,,,,,4,,,,,,1,,,7440,,,4,,,175000,,
905130,2007,,,1,,,0,,,0,,,1,,,,,,2,,,100,,,20,,,720000,,,1,,,2,,,2,,,2,,,1,,,,,,,,,4,,,2,,,1000,,,4,,,10563.122929,,
905136,2003,,,1,,,0,,,0,,,1,,,,,,2,,,100,,,20,,,100000,,,,,,2,,,,,,,,,2,,,,,,3.3,,,,,,1,,,7000,,,4,,,40000,,
905140,2005,,,1,,,0,,,0,,,2,,,,,,2,,,100,,,20,,,80000,,,1,,,2,,,,,,,,,2,,,,,,,,,6,,,2,,,5000,,,4,,,50000,,
905173,2003,,,1,,,0,,,0,,,1,,,,,,2,,,50,,,15,,,80000,,,,,,2,,,,,,,,,2,,,,,,4,,,,,,3,,,3000,,,3,,,9000,,
905284,2008,,,1,,,0,,,0,,,1,,,,,,2,,,40,,,15,,,50000,,,,,,2,,,,,,,,,2,,,,,,7,,,,,,1,,,4800,,,4,,,30000,,
905497,2004,,,1,,,0,,,0,,,1,,,,,,2,,,70,,,30,,,200000,,,,,,2,,,,,,,,,2,,,,,,3.5,,,,,,1,,,800,,,4,,,11758.379364,,
905517,2008,,,1,,,0,,,0,,,1,,,,,,1,,,60,,,25,,,70000,,,2,,,2,,,,,,,,,2,,,,,,,,,5,,,2,,,4000,,,1,,,50000,,
905581,2004,,,1,,,0,,,0,,,1,,,,,,2,,,100,,,15,,,50000,,,1,,,2,,,,,,,,,2,,,,,,,,,6,,,2,,,3500,,,4,,,23000,,
905611,2012,,,1,,,0,,,0,,,1,,,,,,2,,,70,,,30,,,90000,,,2,,,2,,,,,,,,,2,,,,,,,,,4,,,2,,,4800,,,4,,,83000,,
905624,2012,,,1,,,0,,,0,,,2,,,,,,2,,,30,,,20,,,60000,,,1,,,2,,,,,,,,,2,,,,,,,,,3,,,2,,,4680,,,1,,,56000,,
905848,2011,,,1,,,0,,,0,,,1,,,,,,2,,,80,,,25,,,480000,,,2,,,2,,,,,,,,,2,,,,,,,,,1,,,2,,,24000,,,1,,,450000,,
906046,2003,,,1,,,0,,,0,,,1,,,,,,2,,,90,,,25,,,130000,,,,,,2,,,,,,,,,2,,,,,,4,,,,,,1,,,9300,,,1,,,112000,,
906117,1999,,,1,,,0,,,0,,,1,,,,,,2,,,70,,,20,,,100000,,,1,,,2,,,,,,,,,2,,,,,,,,,3.4,,,2,,,6500,,,1,,,25600,,
906149,2007,,,1,,,0,,,0,,,1,,,,,,2,,,100,,,30,,,140000,,,,,,1,,,2,,,2,,,1,,,1,,,4.5,,,,,,1,,,1995,,,4,,,28918.47934,,
906152,2005,,,1,,,0,,,0,,,1,,,,,,2,,,100,,,20,,,120000,,,2,,,2,,,,,,,,,2,,,,,,,,,5,,,2,,,6000,,,4,,,53179.509819,,
906182,2005,,,1,,,0,,,0,,,1,,,,,,2,,,40,,,30,,,150000,,,1,,,2,,,,,,,,,2,,,,,,,,,4.5,,,2,,,9000,,,4,,,140000,,
906192,2000,,,1,,,0,,,0,,,2,,,,,,2,,,70,,,20,,,120000,,,,,,2,,,,,,,,,2,,,,,,3.5,,,,,,1,,,6000,,,4,,,30000,,
906195,2013,,,1,,,0,,,0,,,1,,,,,,2,,,20,,,30,,,100000,,,1,,,2,,,,,,,,,2,,,,,,,,,4.5,,,2,,,4300,,,4,,,95000,,
906293,2011,,,1,,,0,,,0,,,1,,,,,,2,,,65,,,30,,,165000,,,,,,2,,,,,,,,,2,,,,,,5.25,,,,,,1,,,918,,,1,,,13312.559901,,
906354,2010,,,1,,,0,,,0,,,1,,,,,,2,,,100,,,35,,,66000,,,2,,,2,,,2,,,2,,,1,,,,,,,,,4,,,2,,,2400,,,4,,,50000,,
906430,2000,,,1,,,0,,,0,,,1,,,,,,3,,,100,,,20,,,250000,,,,,,2,,,,,,,,,2,,,,,,5,,,,,,1,,,7200,,,4,,,50000,,
906447,2012,,,0,,,0,,,1,,,1,,,1,,,1,,,7,,,4,,,10000,,,,,,2,,,,,,,,,2,,,,,,2,,,,,,1,,,1500,,,1,,,5000,,
906545,2003,,,1,,,0,,,0,,,1,,,,,,2,,,35,,,20,,,70000,,,1,,,2,,,,,,,,,2,,,,,,,,,2,,,2,,,4800,,,2,,,40000,,
906723,2006,,,1,,,0,,,0,,,1,,,,,,2,,,10,,,10,,,55000,,,2,,,2,,,,,,,,,2,,,,,,,,,3,,,2,,,6500,,,4,,,18385.973807,,
906887,2013,,,1,,,0,,,0,,,1,,,,,,2,,,80,,,15,,,130000,,,,,,2,,,,,,,,,2,,,,,,2.5,,,,,,1,,,16000,,,1,,,198102.04362,,
906898,2011,,,1,,,0,,,0,,,1,,,,,,2,,,100,,,20,,,165000,,,2,,,2,,,,,,,,,2,,,,,,,,,2.6,,,2,,,9600,,,1,,,150000,,
906900,2007,,,1,,,0,,,0,,,2,,,,,,2,,,30,,,20,,,50000,,,,,,2,,,,,,,,,2,,,,,,3.5,,,,,,1,,,4800,,,2,,,46000,,
906906,2011,,,1,,,0,,,0,,,1,,,,,,2,,,80,,,20,,,85000,,,2,,,2,,,,,,,,,2,,,,,,,,,3,,,2,,,6000,,,4,,,78000,,
906912,2007,,,1,,,0,,,0,,,1,,,,,,2,,,67,,,20,,,100000,,,2,,,2,,,,,,,,,2,,,,,,,,,1.5,,,2,,,4800,,,1,,,72000,,
906989,1989,,,1,,,0,,,0,,,1,,,,,,2,,,90,,,30,,,150000,,,2,,,2,,,,,,,,,2,,,,,,,,,5,,,2,,,10000,,,1,,,30000,,
907212,2009,,,1,,,0,,,0,,,1,,,,,,2,,,80,,,21,,,110000,,,,,,2,,,,,,,,,2,,,,,,4,,,,,,1,,,7980,,,1,,,99000,,
907282,2010,,,1,,,0,,,0,,,1,,,,,,2,,,45,,,15,,,50000,,,1,,,2,,,,,,,,,2,,,,,,,,,3,,,2,,,3600,,,2,,,35000,,
907308,2010,,,1,,,0,,,0,,,1,,,,,,2,,,50,,,20,,,50000,,,1,,,2,,,,,,,,,2,,,,,,,,,7,,,2,,,4100,,,4,,,42000,,
907314,2006,,,1,,,0,,,0,,,1,,,,,,2,,,70,,,20,,,70000,,,1,,,2,,,,,,,,,2,,,,,,,,,6.7,,,2,,,5400,,,3,,,60000,,
907446,2005,,,1,,,0,,,0,,,1,,,,,,2,,,45,,,15,,,60000,,,1,,,2,,,,,,,,,2,,,,,,,,,3,,,2,,,4800,,,4,,,32000,,
907455,2011,,,1,,,0,,,0,,,2,,,,,,2,,,50,,,20,,,120000,,,1,,,2,,,,,,,,,2,,,,,,,,,3,,,2,,,7200,,,4,,,100000,,
907474,2006,,,1,,,0,,,0,,,2,,,,,,2,,,60,,,15,,,90000,,,,,,2,,,,,,,,,2,,,,,,4,,,,,,1,,,8400,,,1,,,60000,,
907548,2012,,,0,,,0,,,1,,,2,,,1,,,2,,,80,,,30,,,30000,,,2,,,2,,,,,,,,,2,,,,,,,,,4,,,2,,,5000,,,4,,,84918.573163,,
907560,2004,,,1,,,0,,,0,,,1,,,,,,2,,,60,,,26,,,100000,,,2,,,2,,,,,,,,,2,,,,,,,,,2,,,2,,,4500,,,2,,,65000,,
907570,2014,,,1,,,0,,,0,,,1,,,,,,2,,,60,,,37,,,110000,,,2,,,2,,,,,,,,,2,,,,,,,,,3.5,,,2,,,4960,,,4,,,104000,,
907575,2009,,,1,,,0,,,0,,,1,,,,,,2,,,60,,,30,,,170000,,,2,,,2,,,,,,,,,2,,,,,,,,,2,,,2,,,7200,,,1,,,130000,,
907576,2009,,,1,,,0,,,0,,,1,,,,,,2,,,60,,,25,,,120000,,,2,,,2,,,,,,,,,2,,,,,,,,,2,,,2,,,5000,,,1,,,110000,,
907577,2010,,,1,,,0,,,0,,,1,,,,,,2,,,50,,,25,,,60000,,,,,,2,,,,,,,,,2,,,,,,4.5,,,,,,1,,,4200,,,4,,,60000,,
907726,2003,,,1,,,0,,,0,,,1,,,,,,2,,,80,,,20,,,80000,,,1,,,2,,,,,,,,,2,,,,,,,,,3,,,2,,,4200,,,1,,,48000,,
907756,2006,,,1,,,0,,,0,,,1,,,,,,2,,,50,,,20,,,40000,,,,,,2,,,,,,,,,2,,,,,,3.5,,,,,,1,,,4000,,,1,,,35000,,
907767,2004,,,1,,,0,,,0,,,1,,,,,,2,,,100,,,20,,,80000,,,,,,2,,,1,,,2,,,1,,,,,,5,,,,,,1,,,2000,,,4,,,20000,,
907833,2012,,,0,,,0,,,1,,,2,,,1,,,2,,,30,,,6,,,40000,,,,,,2,,,,,,,,,2,,,,,,6,,,,,,1,,,5000,,,3,,,24000,,
907890,2005,,,0,,,0,,,1,,,1,,,1,,,2,,,50,,,15,,,60000,,,,,,1,,,,,,,,,2,,,3,,,3,,,,,,1,,,600,,,3,,,4000,,
908048,2003,,,1,,,0,,,0,,,1,,,,,,2,,,70,,,20,,,100000,,,,,,2,,,,,,,,,2,,,,,,3.5,,,,,,1,,,5400,,,4,,,50000,,
908516,2007,,,1,,,0,,,0,,,2,,,,,,2,,,20,,,65,,,60000,,,1,,,2,,,,,,,,,2,,,,,,,,,6.5,,,2,,,4000,,,1,,,60000,,
908546,1997,,,1,,,0,,,0,,,2,,,,,,2,,,80,,,20,,,100000,,,1,,,1,,,,,,,,,2,,,1,,,,,,2.5,,,2,,,6000,,,1,,,30000,,
908691,2012,,,1,,,0,,,0,,,2,,,,,,2,,,100,,,15,,,200000,,,1,,,2,,,,,,,,,2,,,,,,,,,2.5,,,2,,,18000,,,4,,,160000,,
908711,2001,,,1,,,0,,,0,,,1,,,,,,2,,,80,,,15,,,70000,,,,,,2,,,,,,,,,2,,,,,,,,,4.5,,,3,,,7200,,,4,,,19792.543351,,
908729,2009,,,1,,,0,,,0,,,1,,,,,,2,,,60,,,20,,,120000,,,2,,,2,,,,,,,,,2,,,,,,,,,3.2,,,2,,,7000,,,4,,,95000,,
909120,2004,,,1,,,0,,,0,,,1,,,,,,2,,,60,,,29,,,100000,,,1,,,2,,,,,,,,,2,,,,,,,,,3.5,,,2,,,5000,,,1,,,70000,,
909220,2008,,,1,,,0,,,0,,,2,,,,,,2,,,100,,,30,,,180000,,,2,,,2,,,,,,,,,2,,,,,,,,,4,,,2,,,9000,,,4,,,120000,,
909441,2014,,,1,,,0,,,0,,,1,,,,,,2,,,40,,,30,,,65000,,,,,,2,,,,,,,,,2,,,,,,2.6,,,,,,3,,,600,,,1,,,12663.111431,,
909480,2010,,,1,,,0,,,0,,,1,,,,,,2,,,80,,,20,,,75000,,,,,,2,,,,,,,,,2,,,,,,5,,,,,,1,,,6000,,,2,,,60000,,
909548,2014,,,0,,,0,,,1,,,2,,,1,,,2,,,100,,,5,,,36000,,,1,,,2,,,,,,,,,2,,,,,,,,,3,,,2,,,8000,,,1,,,43337.531551,,
909570,2005,,,1,,,0,,,0,,,1,,,,,,2,,,100,,,25,,,135000,,,2,,,2,,,,,,,,,2,,,,,,,,,2.5,,,2,,,7950,,,1,,,90000,,
909601,2013,,,1,,,0,,,0,,,1,,,,,,2,,,80,,,30,,,150000,,,,,,2,,,,,,,,,2,,,,,,,,,4.25,,,3,,,7200,,,2,,,150000,,
909603,2013,,,1,,,0,,,0,,,2,,,,,,2,,,100,,,20,,,90000,,,2,,,2,,,,,,,,,2,,,,,,,,,8,,,2,,,4000,,,4,,,39272.58963,,
909605,2014,,,1,,,0,,,0,,,1,,,,,,2,,,50,,,20,,,80000,,,,,,2,,,,,,,,,2,,,,,,3.5,,,,,,1,,,2000,,,1,,,29395.94841,,
909607,2013,,,1,,,0,,,0,,,1,,,,,,2,,,68,,,30,,,170000,,,1,,,2,,,,,,,,,2,,,,,,,,,1.4,,,2,,,7200,,,4,,,167000,,
909608,2014,,,1,,,0,,,0,,,1,,,,,,2,,,80,,,20,,,70000,,,1,,,2,,,,,,,,,2,,,,,,,,,4.8,,,2,,,5600,,,1,,,69000,,
909617,2011,,,0,,,0,,,1,,,1,,,1,,,2,,,100,,,17,,,100000,,,,,,2,,,,,,,,,2,,,,,,6.5,,,,,,1,,,7338.3420246,,,4,,,69000,,
909619,2012,,,1,,,0,,,0,,,1,,,,,,2,,,60,,,10,,,70000,,,,,,2,,,,,,,,,2,,,,,,6,,,,,,1,,,12000,,,4,,,60000,,
909623,2013,,,1,,,0,,,0,,,1,,,,,,2,,,60,,,20,,,100000,,,,,,2,,,,,,,,,2,,,,,,3.45,,,,,,1,,,6800,,,4,,,100000,,
909627,2011,,,0,,,0,,,1,,,2,,,1,,,2,,,30,,,10,,,50000,,,,,,2,,,,,,,,,2,,,,,,6,,,,,,1,,,5500,,,4,,,35000,,
909628,2013,,,1,,,0,,,0,,,1,,,,,,2,,,40,,,10,,,60000,,,,,,2,,,,,,,,,2,,,,,,7,,,,,,1,,,6000,,,4,,,54000,,
909629,2002,,,1,,,0,,,0,,,1,,,,,,2,,,90,,,20,,,100000,,,,,,2,,,,,,,,,2,,,,,,5.25,,,,,,1,,,6792,,,4,,,55000,,
